incident_id,date,time,operator_name,machine_id,severity,operator_badge,comment,shift,type_surchauffe,type_baisse_pression,type_vibration,type_bruit_mecanique,type_surconsommation,type_blocage_mecanique,type_alarme_capteur,type_arret_urgence,type_defaut_qualite
INC-000001,2025-06-01,05:00,Lucas Bernard,MACH-06,1,OP1002,chauffe anormale,nuit,1,0,0,0,0,0,0,0,0
INC-000002,2025-06-01,21:00,Hugo Thomas,MACH-15,1,OP1004,micro-fuite / baisse pression,apres-midi,0,1,0,0,0,0,0,0,0
INC-000003,2025-06-01,22:00,Lucas Bernard,MACH-12,2,OP1002,bruit mécanique anormal,nuit,0,0,0,1,0,0,0,0,0
INC-000004,2025-06-04,05:00,Lucas Bernard,MACH-10,1,OP1002,alarme capteur,nuit,0,0,0,0,0,0,1,0,0
INC-000005,2025-06-04,22:00,Chloé Robert,MACH-01,2,OP1005,,nuit,1,0,0,0,0,0,0,0,0
INC-000006,2025-06-05,18:00,Camille Martin,MACH-12,1,OP1001,défaut qualité pièces,apres-midi,0,0,0,0,0,0,0,0,1
INC-000007,2025-06-06,01:00,Lucas Bernard,MACH-14,1,OP1002,chauffe anormale,nuit,1,0,0,0,0,0,0,0,0
INC-000008,2025-06-07,00:00,Camille Martin,MACH-13,2,OP1001,bruit mécanique anormal,nuit,0,0,0,1,0,0,0,0,0
INC-000009,2025-06-08,09:00,Nathan Richard,MACH-06,3,OP1006,chauffe anormale,matin,1,0,0,0,0,0,0,0,0
INC-000010,2025-06-08,12:00,Hugo Thomas,MACH-06,2,OP1004,micro-fuite / baisse pression,matin,0,1,0,0,0,0,0,0,0
INC-000011,2025-06-09,02:00,Jules Moreau,MACH-04,1,OP1010,micro-fuite / baisse pression,nuit,0,1,0,0,0,0,0,0,0
INC-000012,2025-06-09,03:00,Emma Dubois,MACH-10,3,OP1003,alarme capteur,nuit,0,0,0,0,0,0,1,0,0
INC-000013,2025-06-09,22:00,Lina Petit,MACH-02,2,OP1007,surconsommation électrique,nuit,0,0,0,0,1,0,0,0,0
INC-000014,2025-06-10,01:00,Chloé Robert,MACH-03,2,OP1005,,nuit,0,0,0,0,0,0,1,0,0
INC-000015,2025-06-10,09:00,Chloé Robert,MACH-06,1,OP1005,alarme capteur,matin,0,0,0,0,0,0,1,0,0
INC-000016,2025-06-10,10:00,Enzo Durand,MACH-10,1,OP1008,surconsommation électrique,matin,0,0,0,0,1,0,0,0,0
INC-000017,2025-06-10,11:00,Sarah Leroy,MACH-12,1,OP1009,surconsommation électrique,matin,0,0,0,0,1,0,0,0,0
INC-000018,2025-06-10,13:00,Hugo Thomas,MACH-14,1,OP1004,vibration excessive,matin,0,0,1,0,0,0,0,0,0
INC-000019,2025-06-10,17:00,Camille Martin,MACH-14,1,OP1001,micro-fuite / baisse pression,apres-midi,0,1,0,0,0,0,0,0,0
INC-000020,2025-06-11,14:00,Jules Moreau,MACH-01,2,OP1010,bruit mécanique anormal,apres-midi,0,0,0,1,0,0,0,0,0
INC-000021,2025-06-11,19:00,Chloé Robert,MACH-07,1,OP1005,bruit mécanique anormal,apres-midi,0,0,0,1,0,0,0,0,0
INC-000022,2025-06-12,04:00,Camille Martin,MACH-15,3,OP1001,vibration excessive,nuit,0,0,1,0,0,0,0,0,0
INC-000023,2025-06-12,10:00,Emma Dubois,MACH-07,3,OP1003,alarme capteur,matin,0,0,0,0,0,0,1,0,0
INC-000024,2025-06-13,05:00,Jules Moreau,MACH-07,1,OP1010,micro-fuite / baisse pression,nuit,0,1,0,0,0,0,0,0,0
INC-000025,2025-06-13,18:00,Jules Moreau,MACH-01,1,OP1010,vibration excessive,apres-midi,0,0,1,0,0,0,0,0,0
INC-000026,2025-06-14,04:00,Sarah Leroy,MACH-06,1,OP1009,alarme capteur,nuit,0,0,0,0,0,0,1,0,0
INC-000027,2025-06-14,09:00,Nathan Richard,MACH-13,1,OP1006,,matin,0,1,0,0,0,0,0,0,0
INC-000028,2025-06-14,11:00,Sarah Leroy,MACH-01,1,OP1009,vibration excessive,matin,0,0,1,0,0,0,0,0,0
INC-000029,2025-06-14,20:00,Hugo Thomas,MACH-13,2,OP1004,,apres-midi,0,0,0,0,0,0,0,0,1
INC-000030,2025-06-14,21:00,Sarah Leroy,MACH-04,3,OP1009,alarme capteur,apres-midi,0,0,0,0,0,0,1,0,0
INC-000031,2025-06-14,21:00,Chloé Robert,MACH-14,2,OP1005,chauffe anormale,apres-midi,1,0,0,0,0,0,0,0,0
INC-000032,2025-06-15,05:00,Enzo Durand,MACH-02,1,OP1008,surconsommation électrique,nuit,0,0,0,0,1,0,0,0,0
INC-000033,2025-06-15,13:00,Camille Martin,MACH-12,1,OP1001,vibration excessive,matin,0,0,1,0,0,0,0,0,0
INC-000034,2025-06-15,14:00,Nathan Richard,MACH-15,2,OP1006,bruit mécanique anormal,apres-midi,0,0,0,1,0,0,0,0,0
INC-000035,2025-06-15,19:00,Enzo Durand,MACH-04,2,OP1008,défaut qualité pièces,apres-midi,0,0,0,0,0,0,0,0,1
INC-000036,2025-06-15,20:00,Emma Dubois,MACH-06,1,OP1003,micro-fuite / baisse pression,apres-midi,0,1,0,0,0,0,0,0,0
INC-000037,2025-06-16,01:00,Enzo Durand,MACH-05,4,OP1008,alarme capteur + arrêt ligne,nuit,0,0,0,0,0,0,1,1,0
INC-000038,2025-06-16,17:00,Camille Martin,MACH-08,1,OP1001,alarme capteur,apres-midi,0,0,0,0,0,0,1,0,0
INC-000039,2025-06-16,20:00,Lina Petit,MACH-04,2,OP1007,alarme capteur,apres-midi,0,0,0,0,0,0,1,0,0
INC-000040,2025-06-16,21:00,Chloé Robert,MACH-05,1,OP1005,surconsommation électrique,apres-midi,0,0,0,0,1,0,0,0,0
INC-000041,2025-06-16,21:00,Emma Dubois,MACH-05,1,OP1003,vibration excessive,apres-midi,0,0,1,0,0,0,0,0,0
INC-000042,2025-06-17,00:00,Nathan Richard,MACH-01,4,OP1006,chauffe anormale + arrêt ligne,nuit,1,0,0,0,0,0,0,1,0
INC-000043,2025-06-17,14:00,Sarah Leroy,MACH-10,1,OP1009,alarme capteur,apres-midi,0,0,0,0,0,0,1,0,0
INC-000044,2025-06-19,01:00,Nathan Richard,MACH-07,2,OP1006,micro-fuite / baisse pression,nuit,0,1,0,0,0,0,0,0,0
INC-000045,2025-06-19,13:00,Sarah Leroy,MACH-15,1,OP1009,défaut qualité pièces,matin,0,0,0,0,0,0,0,0,1
INC-000046,2025-06-20,06:00,Lina Petit,MACH-15,1,OP1007,,matin,0,0,0,0,0,0,0,0,1
INC-000047,2025-06-20,23:00,Emma Dubois,MACH-12,2,OP1003,alarme capteur,nuit,0,0,0,0,0,0,1,0,0
INC-000048,2025-06-21,08:00,Camille Martin,MACH-11,3,OP1001,alarme capteur,matin,0,0,0,0,0,0,1,0,0
INC-000049,2025-06-21,10:00,Nathan Richard,MACH-12,2,OP1006,vibration excessive,matin,0,0,1,0,0,0,0,0,0
INC-000050,2025-06-21,20:00,Hugo Thomas,MACH-05,1,OP1004,alarme capteur,apres-midi,0,0,0,0,0,0,1,0,0
INC-000051,2025-06-21,22:00,Jules Moreau,MACH-02,2,OP1010,micro-fuite / baisse pression,nuit,0,1,0,0,0,0,0,0,0
INC-000052,2025-06-22,04:00,Chloé Robert,MACH-09,2,OP1005,surconsommation électrique,nuit,0,0,0,0,1,0,0,0,0
INC-000053,2025-06-22,12:00,Lina Petit,MACH-05,1,OP1007,bruit mécanique anormal,matin,0,0,0,1,0,0,0,0,0
INC-000054,2025-06-22,15:00,Sarah Leroy,MACH-15,2,OP1009,,apres-midi,1,0,0,0,0,0,0,0,0
INC-000055,2025-06-22,19:00,Jules Moreau,MACH-13,2,OP1010,vibration excessive,apres-midi,0,0,1,0,0,0,0,0,0
INC-000056,2025-06-22,20:00,Lucas Bernard,MACH-08,1,OP1002,micro-fuite / baisse pression,apres-midi,0,1,0,0,0,0,0,0,0
INC-000057,2025-06-23,23:00,Lina Petit,MACH-13,2,OP1007,vibration excessive,nuit,0,0,1,0,0,0,0,0,0
INC-000058,2025-06-24,00:00,Emma Dubois,MACH-06,1,OP1003,micro-fuite / baisse pression,nuit,0,1,0,0,0,0,0,0,0
INC-000059,2025-06-24,09:00,Camille Martin,MACH-06,3,OP1001,micro-fuite / baisse pression,matin,0,1,0,0,0,0,0,0,0
INC-000060,2025-06-25,05:00,Lucas Bernard,MACH-03,3,OP1002,chauffe anormale,nuit,1,0,0,0,0,0,0,0,0
INC-000061,2025-06-25,17:00,Lucas Bernard,MACH-09,1,OP1002,alarme capteur,apres-midi,0,0,0,0,0,0,1,0,0
INC-000062,2025-06-26,00:00,Enzo Durand,MACH-15,2,OP1008,alarme capteur,nuit,0,0,0,0,0,0,1,0,0
INC-000063,2025-06-26,01:00,Chloé Robert,MACH-06,1,OP1005,défaut qualité pièces,nuit,0,0,0,0,0,0,0,0,1
INC-000064,2025-06-26,17:00,Hugo Thomas,MACH-02,2,OP1004,micro-fuite / baisse pression,apres-midi,0,1,0,0,0,0,0,0,0
INC-000065,2025-06-27,10:00,Sarah Leroy,MACH-03,1,OP1009,chauffe anormale,matin,1,0,0,0,0,0,0,0,0
INC-000066,2025-06-27,10:00,Nathan Richard,MACH-12,1,OP1006,vibration excessive,matin,0,0,1,0,0,0,0,0,0
INC-000067,2025-06-27,13:00,Lina Petit,MACH-03,2,OP1007,surconsommation électrique,matin,0,0,0,0,1,0,0,0,0
INC-000068,2025-06-27,14:00,Emma Dubois,MACH-15,4,OP1003,alarme capteur + arrêt ligne,apres-midi,0,0,0,0,0,0,1,1,0
INC-000069,2025-06-29,06:00,Camille Martin,MACH-12,1,OP1001,surconsommation électrique,matin,0,0,0,0,1,0,0,0,0
INC-000070,2025-07-01,07:00,Camille Martin,MACH-09,1,OP1001,alarme capteur,matin,0,0,0,0,0,0,1,0,0
INC-000071,2025-07-01,16:00,Enzo Durand,MACH-05,3,OP1008,défaut qualité pièces,apres-midi,0,0,0,0,0,0,0,0,1
INC-000072,2025-07-01,18:00,Lina Petit,MACH-06,2,OP1007,alarme capteur,apres-midi,0,0,0,0,0,0,1,0,0
INC-000073,2025-07-01,20:00,Enzo Durand,MACH-08,3,OP1008,défaut qualité pièces,apres-midi,0,0,0,0,0,0,0,0,1
INC-000074,2025-07-02,07:00,Chloé Robert,MACH-10,1,OP1005,micro-fuite / baisse pression,matin,0,1,0,0,0,0,0,0,0
INC-000075,2025-07-02,16:00,Sarah Leroy,MACH-08,2,OP1009,bruit mécanique anormal,apres-midi,0,0,0,1,0,0,0,0,0
INC-000076,2025-07-02,21:00,Enzo Durand,MACH-04,2,OP1008,bruit mécanique anormal,apres-midi,0,0,0,1,0,0,0,0,0
INC-000077,2025-07-03,06:00,Camille Martin,MACH-10,2,OP1001,vibration excessive,matin,0,0,1,0,0,0,0,0,0
INC-000078,2025-07-03,15:00,Nathan Richard,MACH-04,1,OP1006,alarme capteur,apres-midi,0,0,0,0,0,0,1,0,0
INC-000079,2025-07-03,21:00,Chloé Robert,MACH-04,1,OP1005,chauffe anormale,apres-midi,1,0,0,0,0,0,0,0,0
INC-000080,2025-07-04,06:00,Lucas Bernard,MACH-13,1,OP1002,surconsommation électrique,matin,0,0,0,0,1,0,0,0,0
INC-000081,2025-07-04,18:00,Hugo Thomas,MACH-09,1,OP1004,alarme capteur,apres-midi,0,0,0,0,0,0,1,0,0
INC-000082,2025-07-05,01:00,Lina Petit,MACH-11,1,OP1007,défaut qualité pièces,nuit,0,0,0,0,0,0,0,0,1
INC-000083,2025-07-05,17:00,Nathan Richard,MACH-07,2,OP1006,défaut qualité pièces,apres-midi,0,0,0,0,0,0,0,0,1
INC-000084,2025-07-05,23:00,Sarah Leroy,MACH-03,1,OP1009,,nuit,0,0,0,0,1,0,0,0,0
INC-000085,2025-07-06,11:00,Nathan Richard,MACH-02,2,OP1006,défaut qualité pièces,matin,0,0,0,0,0,0,0,0,1
INC-000086,2025-07-06,14:00,Chloé Robert,MACH-03,1,OP1005,surconsommation électrique,apres-midi,0,0,0,0,1,0,0,0,0
INC-000087,2025-07-06,20:00,Hugo Thomas,MACH-02,1,OP1004,défaut qualité pièces,apres-midi,0,0,0,0,0,0,0,0,1
INC-000088,2025-07-07,12:00,Lucas Bernard,MACH-05,1,OP1002,vibration excessive,matin,0,0,1,0,0,0,0,0,0
INC-000089,2025-07-07,15:00,Nathan Richard,MACH-03,1,OP1006,micro-fuite / baisse pression,apres-midi,0,1,0,0,0,0,0,0,0
INC-000090,2025-07-08,23:00,Lucas Bernard,MACH-06,1,OP1002,défaut qualité pièces,nuit,0,0,0,0,0,0,0,0,1
INC-000091,2025-07-09,07:00,Enzo Durand,MACH-10,2,OP1008,surconsommation électrique,matin,0,0,0,0,1,0,0,0,0
INC-000092,2025-07-09,12:00,Nathan Richard,MACH-04,2,OP1006,défaut qualité pièces,matin,0,0,0,0,0,0,0,0,1
INC-000093,2025-07-09,22:00,Jules Moreau,MACH-05,1,OP1010,défaut qualité pièces,nuit,0,0,0,0,0,0,0,0,1
INC-000094,2025-07-10,05:00,Lina Petit,MACH-03,1,OP1007,défaut qualité pièces,nuit,0,0,0,0,0,0,0,0,1
INC-000095,2025-07-10,08:00,Nathan Richard,MACH-08,1,OP1006,défaut qualité pièces,matin,0,0,0,0,0,0,0,0,1
INC-000096,2025-07-10,19:00,Emma Dubois,MACH-02,1,OP1003,micro-fuite / baisse pression,apres-midi,0,1,0,0,0,0,0,0,0
INC-000097,2025-07-10,21:00,Hugo Thomas,MACH-12,3,OP1004,défaut qualité pièces,apres-midi,0,0,0,0,0,0,0,0,1
INC-000098,2025-07-11,04:00,Jules Moreau,MACH-13,1,OP1010,surconsommation électrique,nuit,0,0,0,0,1,0,0,0,0
INC-000099,2025-07-11,09:00,Enzo Durand,MACH-10,4,OP1008,chauffe anormale + arrêt ligne,matin,1,0,0,0,0,0,0,1,0
INC-000100,2025-07-13,14:00,Jules Moreau,MACH-05,2,OP1010,vibration excessive,apres-midi,0,0,1,0,0,0,0,0,0
INC-000101,2025-07-13,20:00,Enzo Durand,MACH-04,3,OP1008,alarme capteur,apres-midi,0,0,0,0,0,0,1,0,0
INC-000102,2025-07-14,03:00,Lucas Bernard,MACH-12,1,OP1002,bruit mécanique anormal,nuit,0,0,0,1,0,0,0,0,0
INC-000103,2025-07-14,09:00,Chloé Robert,MACH-04,1,OP1005,vibration excessive,matin,0,0,1,0,0,0,0,0,0
INC-000104,2025-07-15,01:00,Lucas Bernard,MACH-08,3,OP1002,chauffe anormale,nuit,1,0,0,0,0,0,0,0,0
INC-000105,2025-07-15,02:00,Hugo Thomas,MACH-03,3,OP1004,surconsommation électrique,nuit,0,0,0,0,1,0,0,0,0
INC-000106,2025-07-15,05:00,Lucas Bernard,MACH-13,3,OP1002,surconsommation électrique,nuit,0,0,0,0,1,0,0,0,0
INC-000107,2025-07-15,22:00,Hugo Thomas,MACH-08,2,OP1004,surconsommation électrique,nuit,0,0,0,0,1,0,0,0,0
INC-000108,2025-07-16,12:00,Sarah Leroy,MACH-02,1,OP1009,micro-fuite / baisse pression,matin,0,1,0,0,0,0,0,0,0
INC-000109,2025-07-17,08:00,Jules Moreau,MACH-10,3,OP1010,vibration excessive,matin,0,0,1,0,0,0,0,0,0
INC-000110,2025-07-17,09:00,Camille Martin,MACH-09,1,OP1001,bruit mécanique anormal,matin,0,0,0,1,0,0,0,0,0
INC-000111,2025-07-18,10:00,Nathan Richard,MACH-11,3,OP1006,alarme capteur,matin,0,0,0,0,0,0,1,0,0
INC-000112,2025-07-18,14:00,Hugo Thomas,MACH-05,2,OP1004,chauffe anormale,apres-midi,1,0,0,0,0,0,0,0,0
INC-000113,2025-07-18,16:00,Lina Petit,MACH-09,1,OP1007,alarme capteur,apres-midi,0,0,0,0,0,0,1,0,0
INC-000114,2025-07-20,00:00,Jules Moreau,MACH-05,2,OP1010,surconsommation électrique,nuit,0,0,0,0,1,0,0,0,0
INC-000115,2025-07-20,06:00,Chloé Robert,MACH-02,1,OP1005,défaut qualité pièces,matin,0,0,0,0,0,0,0,0,1
INC-000116,2025-07-20,08:00,Nathan Richard,MACH-03,2,OP1006,surconsommation électrique,matin,0,0,0,0,1,0,0,0,0
INC-000117,2025-07-21,11:00,Jules Moreau,MACH-01,2,OP1010,vibration excessive,matin,0,0,1,0,0,0,0,0,0
INC-000118,2025-07-21,12:00,Lina Petit,MACH-09,2,OP1007,chauffe anormale,matin,1,0,0,0,0,0,0,0,0
INC-000119,2025-07-21,13:00,Camille Martin,MACH-13,1,OP1001,surconsommation électrique,matin,0,0,0,0,1,0,0,0,0
INC-000120,2025-07-22,05:00,Lucas Bernard,MACH-05,1,OP1002,vibration excessive,nuit,0,0,1,0,0,0,0,0,0
INC-000121,2025-07-22,18:00,Nathan Richard,MACH-05,1,OP1006,surconsommation électrique,apres-midi,0,0,0,0,1,0,0,0,0
INC-000122,2025-07-22,21:00,Lucas Bernard,MACH-04,3,OP1002,surconsommation électrique,apres-midi,0,0,0,0,1,0,0,0,0
INC-000123,2025-07-22,22:00,Emma Dubois,MACH-06,1,OP1003,surconsommation électrique,nuit,0,0,0,0,1,0,0,0,0
INC-000124,2025-07-22,23:00,Emma Dubois,MACH-06,1,OP1003,surconsommation électrique,nuit,0,0,0,0,1,0,0,0,0
INC-000125,2025-07-22,23:00,Lucas Bernard,MACH-07,3,OP1002,micro-fuite / baisse pression,nuit,0,1,0,0,0,0,0,0,0
INC-000126,2025-07-24,04:00,Hugo Thomas,MACH-06,2,OP1004,vibration excessive,nuit,0,0,1,0,0,0,0,0,0
INC-000127,2025-07-24,08:00,Camille Martin,MACH-03,2,OP1001,bruit mécanique anormal,matin,0,0,0,1,0,0,0,0,0
INC-000128,2025-07-24,11:00,Lina Petit,MACH-05,1,OP1007,défaut qualité pièces,matin,0,0,0,0,0,0,0,0,1
INC-000129,2025-07-24,12:00,Hugo Thomas,MACH-01,1,OP1004,,matin,0,0,0,0,0,0,1,0,0
INC-000130,2025-07-24,13:00,Lucas Bernard,MACH-08,2,OP1002,chauffe anormale,matin,1,0,0,0,0,0,0,0,0
INC-000131,2025-07-24,20:00,Nathan Richard,MACH-10,1,OP1006,micro-fuite / baisse pression,apres-midi,0,1,0,0,0,0,0,0,0
INC-000132,2025-07-25,02:00,Camille Martin,MACH-13,1,OP1001,alarme capteur,nuit,0,0,0,0,0,0,1,0,0
INC-000133,2025-07-25,21:00,Enzo Durand,MACH-02,2,OP1008,surconsommation électrique,apres-midi,0,0,0,0,1,0,0,0,0
INC-000134,2025-07-27,07:00,Lina Petit,MACH-05,2,OP1007,vibration excessive,matin,0,0,1,0,0,0,0,0,0
INC-000135,2025-07-27,12:00,Jules Moreau,MACH-04,2,OP1010,vibration excessive,matin,0,0,1,0,0,0,0,0,0
INC-000136,2025-07-27,17:00,Camille Martin,MACH-15,4,OP1001,chauffe anormale + arrêt ligne,apres-midi,1,0,0,0,0,0,0,1,0
INC-000137,2025-07-27,20:00,Lina Petit,MACH-15,1,OP1007,vibration excessive,apres-midi,0,0,1,0,0,0,0,0,0
INC-000138,2025-07-28,23:00,Chloé Robert,MACH-09,4,OP1005,défaut qualité pièces,nuit,0,0,0,0,0,0,0,0,1
INC-000139,2025-07-29,15:00,Camille Martin,MACH-05,1,OP1001,micro-fuite / baisse pression,apres-midi,0,1,0,0,0,0,0,0,0
INC-000140,2025-07-30,14:00,Chloé Robert,MACH-07,1,OP1005,alarme capteur,apres-midi,0,0,0,0,0,0,1,0,0
INC-000141,2025-07-30,17:00,Lucas Bernard,MACH-06,1,OP1002,bruit mécanique anormal,apres-midi,0,0,0,1,0,0,0,0,0
INC-000142,2025-07-31,01:00,Lucas Bernard,MACH-14,2,OP1002,bruit mécanique anormal,nuit,0,0,0,1,0,0,0,0,0
INC-000143,2025-07-31,04:00,Lucas Bernard,MACH-01,3,OP1002,surconsommation électrique,nuit,0,0,0,0,1,0,0,0,0
INC-000144,2025-07-31,11:00,Hugo Thomas,MACH-11,1,OP1004,alarme capteur,matin,0,0,0,0,0,0,1,0,0
INC-000145,2025-07-31,17:00,Lina Petit,MACH-03,3,OP1007,alarme capteur,apres-midi,0,0,0,0,0,0,1,0,0
INC-000146,2025-07-31,18:00,Nathan Richard,MACH-06,1,OP1006,vibration excessive,apres-midi,0,0,1,0,0,0,0,0,0
INC-000147,2025-07-31,20:00,Camille Martin,MACH-04,2,OP1001,bruit mécanique anormal,apres-midi,0,0,0,1,0,0,0,0,0
INC-000148,2025-08-02,02:00,Sarah Leroy,MACH-01,3,OP1009,surconsommation électrique,nuit,0,0,0,0,1,0,0,0,0
INC-000149,2025-08-02,09:00,Camille Martin,MACH-09,2,OP1001,surconsommation électrique,matin,0,0,0,0,1,0,0,0,0
INC-000150,2025-08-02,12:00,Lina Petit,MACH-08,3,OP1007,vibration excessive,matin,0,0,1,0,0,0,0,0,0
INC-000151,2025-08-02,19:00,Nathan Richard,MACH-05,2,OP1006,surconsommation électrique,apres-midi,0,0,0,0,1,0,0,0,0
INC-000152,2025-08-02,22:00,Jules Moreau,MACH-02,2,OP1010,micro-fuite / baisse pression,nuit,0,1,0,0,0,0,0,0,0
INC-000153,2025-08-03,17:00,Lucas Bernard,MACH-09,1,OP1002,bruit mécanique anormal,apres-midi,0,0,0,1,0,0,0,0,0
INC-000154,2025-08-04,00:00,Lucas Bernard,MACH-07,2,OP1002,défaut qualité pièces,nuit,0,0,0,0,0,0,0,0,1
INC-000155,2025-08-04,03:00,Sarah Leroy,MACH-05,1,OP1009,alarme capteur,nuit,0,0,0,0,0,0,1,0,0
INC-000156,2025-08-04,07:00,Chloé Robert,MACH-08,1,OP1005,surconsommation électrique,matin,0,0,0,0,1,0,0,0,0
INC-000157,2025-08-04,22:00,Nathan Richard,MACH-13,1,OP1006,chauffe anormale,nuit,1,0,0,0,0,0,0,0,0
INC-000158,2025-08-04,23:00,Chloé Robert,MACH-04,1,OP1005,vibration excessive,nuit,0,0,1,0,0,0,0,0,0
INC-000159,2025-08-05,07:00,Lina Petit,MACH-04,1,OP1007,,matin,0,0,0,0,0,0,0,0,1
INC-000160,2025-08-05,07:00,Emma Dubois,MACH-12,1,OP1003,micro-fuite / baisse pression,matin,0,1,0,0,0,0,0,0,0
INC-000161,2025-08-05,10:00,Jules Moreau,MACH-15,2,OP1010,surconsommation électrique,matin,0,0,0,0,1,0,0,0,0
INC-000162,2025-08-05,11:00,Hugo Thomas,MACH-10,3,OP1004,surconsommation électrique,matin,0,0,0,0,1,0,0,0,0
INC-000163,2025-08-05,19:00,Lina Petit,MACH-10,2,OP1007,micro-fuite / baisse pression,apres-midi,0,1,0,0,0,0,0,0,0
INC-000164,2025-08-07,04:00,Camille Martin,MACH-07,2,OP1001,chauffe anormale,nuit,1,0,0,0,0,0,0,0,0
INC-000165,2025-08-07,18:00,Lina Petit,MACH-10,3,OP1007,bruit mécanique anormal,apres-midi,0,0,0,1,0,0,0,0,0
INC-000166,2025-08-08,00:00,Sarah Leroy,MACH-13,2,OP1009,bruit mécanique anormal,nuit,0,0,0,1,0,0,0,0,0
INC-000167,2025-08-08,01:00,Jules Moreau,MACH-01,1,OP1010,,nuit,0,0,0,1,0,0,0,0,0
INC-000168,2025-08-08,02:00,Camille Martin,MACH-08,1,OP1001,surconsommation électrique,nuit,0,0,0,0,1,0,0,0,0
INC-000169,2025-08-08,13:00,Lucas Bernard,MACH-09,2,OP1002,micro-fuite / baisse pression,matin,0,1,0,0,0,0,0,0,0
INC-000170,2025-08-08,20:00,Enzo Durand,MACH-10,2,OP1008,micro-fuite / baisse pression,apres-midi,0,1,0,0,0,0,0,0,0
INC-000171,2025-08-09,14:00,Lucas Bernard,MACH-08,1,OP1002,défaut qualité pièces,apres-midi,0,0,0,0,0,0,0,0,1
INC-000172,2025-08-10,12:00,Chloé Robert,MACH-12,3,OP1005,alarme capteur,matin,0,0,0,0,0,0,1,0,0
INC-000173,2025-08-10,22:00,Nathan Richard,MACH-14,2,OP1006,bruit mécanique anormal,nuit,0,0,0,1,0,0,0,0,0
INC-000174,2025-08-11,22:00,Jules Moreau,MACH-08,1,OP1010,vibration excessive,nuit,0,0,1,0,0,0,0,0,0
INC-000175,2025-08-11,23:00,Enzo Durand,MACH-03,2,OP1008,,nuit,0,0,0,1,0,0,0,0,0
INC-000176,2025-08-13,08:00,Emma Dubois,MACH-15,3,OP1003,surconsommation électrique,matin,0,0,0,0,1,0,0,0,0
INC-000177,2025-08-13,12:00,Emma Dubois,MACH-02,1,OP1003,défaut qualité pièces,matin,0,0,0,0,0,0,0,0,1
INC-000178,2025-08-13,12:00,Enzo Durand,MACH-05,1,OP1008,,matin,0,1,0,0,0,0,0,0,0
INC-000179,2025-08-14,13:00,Sarah Leroy,MACH-02,1,OP1009,surconsommation électrique,matin,0,0,0,0,1,0,0,0,0
INC-000180,2025-08-15,01:00,Lina Petit,MACH-02,2,OP1007,bruit mécanique anormal,nuit,0,0,0,1,0,0,0,0,0
INC-000181,2025-08-15,13:00,Chloé Robert,MACH-12,1,OP1005,,matin,0,0,0,0,1,0,0,0,0
INC-000182,2025-08-15,15:00,Hugo Thomas,MACH-07,3,OP1004,vibration excessive,apres-midi,0,0,1,0,0,0,0,0,0
INC-000183,2025-08-15,21:00,Lucas Bernard,MACH-07,2,OP1002,vibration excessive,apres-midi,0,0,1,0,0,0,0,0,0
INC-000184,2025-08-16,23:00,Lina Petit,MACH-01,1,OP1007,micro-fuite / baisse pression,nuit,0,1,0,0,0,0,0,0,0
INC-000185,2025-08-16,23:00,Nathan Richard,MACH-10,2,OP1006,surconsommation électrique,nuit,0,0,0,0,1,0,0,0,0
INC-000186,2025-08-17,19:00,Lucas Bernard,MACH-12,3,OP1002,micro-fuite / baisse pression,apres-midi,0,1,0,0,0,0,0,0,0
INC-000187,2025-08-18,03:00,Emma Dubois,MACH-05,1,OP1003,vibration excessive,nuit,0,0,1,0,0,0,0,0,0
INC-000188,2025-08-18,03:00,Chloé Robert,MACH-10,1,OP1005,surconsommation électrique,nuit,0,0,0,0,1,0,0,0,0
INC-000189,2025-08-18,06:00,Lucas Bernard,MACH-12,2,OP1002,défaut qualité pièces,matin,0,0,0,0,0,0,0,0,1
INC-000190,2025-08-19,02:00,Camille Martin,MACH-06,1,OP1001,vibration excessive,nuit,0,0,1,0,0,0,0,0,0
INC-000191,2025-08-19,06:00,Lucas Bernard,MACH-06,3,OP1002,micro-fuite / baisse pression,matin,0,1,0,0,0,0,0,0,0
INC-000192,2025-08-20,07:00,Enzo Durand,MACH-07,3,OP1008,vibration excessive,matin,0,0,1,0,0,0,0,0,0
INC-000193,2025-08-20,10:00,Enzo Durand,MACH-14,1,OP1008,,matin,0,0,0,0,0,0,1,0,0
INC-000194,2025-08-20,14:00,Lina Petit,MACH-14,3,OP1007,défaut qualité pièces,apres-midi,0,0,0,0,0,0,0,0,1
INC-000195,2025-08-20,20:00,Hugo Thomas,MACH-13,2,OP1004,surconsommation électrique,apres-midi,0,0,0,0,1,0,0,0,0
INC-000196,2025-08-21,00:00,Emma Dubois,MACH-14,2,OP1003,,nuit,0,0,1,0,0,0,0,0,0
INC-000197,2025-08-21,07:00,Lina Petit,MACH-06,1,OP1007,vibration excessive,matin,0,0,1,0,0,0,0,0,0
INC-000198,2025-08-21,13:00,Enzo Durand,MACH-09,1,OP1008,micro-fuite / baisse pression,matin,0,1,0,0,0,0,0,0,0
INC-000199,2025-08-21,18:00,Chloé Robert,MACH-08,2,OP1005,bruit mécanique anormal,apres-midi,0,0,0,1,0,0,0,0,0
INC-000200,2025-08-21,22:00,Jules Moreau,MACH-09,4,OP1010,chauffe anormale + arrêt ligne,nuit,1,0,0,0,0,0,0,1,0
INC-000201,2025-08-22,02:00,Jules Moreau,MACH-03,3,OP1010,vibration excessive,nuit,0,0,1,0,0,0,0,0,0
INC-000202,2025-08-22,12:00,Sarah Leroy,MACH-08,1,OP1009,défaut qualité pièces,matin,0,0,0,0,0,0,0,0,1
INC-000203,2025-08-23,13:00,Chloé Robert,MACH-15,1,OP1005,vibration excessive,matin,0,0,1,0,0,0,0,0,0
INC-000204,2025-08-24,16:00,Emma Dubois,MACH-10,1,OP1003,bruit mécanique anormal,apres-midi,0,0,0,1,0,0,0,0,0
INC-000205,2025-08-24,23:00,Hugo Thomas,MACH-07,2,OP1004,bruit mécanique anormal,nuit,0,0,0,1,0,0,0,0,0
INC-000206,2025-08-25,02:00,Lucas Bernard,MACH-10,2,OP1002,surconsommation électrique,nuit,0,0,0,0,1,0,0,0,0
INC-000207,2025-08-26,11:00,Sarah Leroy,MACH-07,1,OP1009,vibration excessive,matin,0,0,1,0,0,0,0,0,0
INC-000208,2025-08-26,13:00,Lina Petit,MACH-09,2,OP1007,pièce bloquée convoyeur,matin,0,0,0,0,0,1,0,0,0
INC-000209,2025-08-26,20:00,Chloé Robert,MACH-15,1,OP1005,,apres-midi,0,0,0,0,0,0,0,0,1
INC-000210,2025-08-27,09:00,Sarah Leroy,MACH-12,2,OP1009,bruit mécanique anormal,matin,0,0,0,1,0,0,0,0,0
INC-000211,2025-08-27,10:00,Hugo Thomas,MACH-10,2,OP1004,chauffe anormale,matin,1,0,0,0,0,0,0,0,0
INC-000212,2025-08-27,16:00,Emma Dubois,MACH-02,2,OP1003,surconsommation électrique,apres-midi,0,0,0,0,1,0,0,0,0
INC-000213,2025-08-28,11:00,Hugo Thomas,MACH-06,1,OP1004,chauffe anormale,matin,1,0,0,0,0,0,0,0,0
INC-000214,2025-08-28,17:00,Sarah Leroy,MACH-05,1,OP1009,,apres-midi,0,0,0,0,0,0,0,0,1
INC-000215,2025-08-28,19:00,Camille Martin,MACH-08,1,OP1001,bruit mécanique anormal,apres-midi,0,0,0,1,0,0,0,0,0
INC-000216,2025-08-29,00:00,Lucas Bernard,MACH-01,2,OP1002,alarme capteur,nuit,0,0,0,0,0,0,1,0,0
INC-000217,2025-08-29,13:00,Lina Petit,MACH-09,2,OP1007,alarme capteur,matin,0,0,0,0,0,0,1,0,0
INC-000218,2025-08-30,02:00,Emma Dubois,MACH-11,2,OP1003,alarme capteur,nuit,0,0,0,0,0,0,1,0,0
INC-000219,2025-08-30,03:00,Chloé Robert,MACH-15,1,OP1005,chauffe anormale,nuit,1,0,0,0,0,0,0,0,0
INC-000220,2025-08-30,12:00,Jules Moreau,MACH-05,2,OP1010,défaut qualité pièces,matin,0,0,0,0,0,0,0,0,1
INC-000221,2025-08-30,12:00,Emma Dubois,MACH-06,3,OP1003,micro-fuite / baisse pression,matin,0,1,0,0,0,0,0,0,0
INC-000222,2025-08-30,21:00,Lucas Bernard,MACH-06,1,OP1002,alarme capteur,apres-midi,0,0,0,0,0,0,1,0,0
INC-000223,2025-08-30,22:00,Sarah Leroy,MACH-01,2,OP1009,surconsommation électrique,nuit,0,0,0,0,1,0,0,0,0
INC-000224,2025-09-02,15:00,Enzo Durand,MACH-08,1,OP1008,alarme capteur,apres-midi,0,0,0,0,0,0,1,0,0
INC-000225,2025-09-02,16:00,Chloé Robert,MACH-08,4,OP1005,alarme capteur,apres-midi,0,0,0,0,0,0,1,0,0
INC-000226,2025-09-02,20:00,Emma Dubois,MACH-12,2,OP1003,surconsommation électrique,apres-midi,0,0,0,0,1,0,0,0,0
INC-000227,2025-09-03,09:00,Hugo Thomas,MACH-12,1,OP1004,défaut qualité pièces,matin,0,0,0,0,0,0,0,0,1
INC-000228,2025-09-03,19:00,Nathan Richard,MACH-05,1,OP1006,défaut qualité pièces,apres-midi,0,0,0,0,0,0,0,0,1
INC-000229,2025-09-04,01:00,Sarah Leroy,MACH-03,1,OP1009,micro-fuite / baisse pression,nuit,0,1,0,0,0,0,0,0,0
INC-000230,2025-09-04,14:00,Lucas Bernard,MACH-10,1,OP1002,surconsommation électrique,apres-midi,0,0,0,0,1,0,0,0,0
INC-000231,2025-09-04,19:00,Hugo Thomas,MACH-06,1,OP1004,surconsommation électrique,apres-midi,0,0,0,0,1,0,0,0,0
INC-000232,2025-09-04,23:00,Enzo Durand,MACH-06,2,OP1008,surconsommation électrique,nuit,0,0,0,0,1,0,0,0,0
INC-000233,2025-09-05,00:00,Enzo Durand,MACH-14,3,OP1008,surconsommation électrique,nuit,0,0,0,0,1,0,0,0,0
INC-000234,2025-09-05,04:00,Sarah Leroy,MACH-06,1,OP1009,alarme capteur,nuit,0,0,0,0,0,0,1,0,0
INC-000235,2025-09-05,12:00,Camille Martin,MACH-13,1,OP1001,chauffe anormale,matin,1,0,0,0,0,0,0,0,0
INC-000236,2025-09-06,22:00,Lina Petit,MACH-02,2,OP1007,alarme capteur,nuit,0,0,0,0,0,0,1,0,0
INC-000237,2025-09-07,09:00,Nathan Richard,MACH-03,2,OP1006,bruit mécanique anormal,matin,0,0,0,1,0,0,0,0,0
INC-000238,2025-09-07,21:00,Enzo Durand,MACH-03,1,OP1008,bruit mécanique anormal,apres-midi,0,0,0,1,0,0,0,0,0
INC-000239,2025-09-08,14:00,Chloé Robert,MACH-06,4,OP1005,alarme capteur,apres-midi,0,0,0,0,0,0,1,0,0
INC-000240,2025-09-10,06:00,Lina Petit,MACH-06,1,OP1007,défaut qualité pièces,matin,0,0,0,0,0,0,0,0,1
INC-000241,2025-09-10,15:00,Nathan Richard,MACH-11,2,OP1006,défaut qualité pièces,apres-midi,0,0,0,0,0,0,0,0,1
INC-000242,2025-09-10,16:00,Lucas Bernard,MACH-08,2,OP1002,bruit mécanique anormal,apres-midi,0,0,0,1,0,0,0,0,0
INC-000243,2025-09-10,19:00,Enzo Durand,MACH-04,1,OP1008,surconsommation électrique,apres-midi,0,0,0,0,1,0,0,0,0
INC-000244,2025-09-10,22:00,Hugo Thomas,MACH-01,1,OP1004,vibration excessive,nuit,0,0,1,0,0,0,0,0,0
INC-000245,2025-09-11,19:00,Chloé Robert,MACH-02,3,OP1005,alarme capteur,apres-midi,0,0,0,0,0,0,1,0,0
INC-000246,2025-09-11,19:00,Lucas Bernard,MACH-14,2,OP1002,bruit mécanique anormal,apres-midi,0,0,0,1,0,0,0,0,0
INC-000247,2025-09-12,14:00,Lina Petit,MACH-13,3,OP1007,défaut qualité pièces,apres-midi,0,0,0,0,0,0,0,0,1
INC-000248,2025-09-13,12:00,Chloé Robert,MACH-09,3,OP1005,chauffe anormale,matin,1,0,0,0,0,0,0,0,0
INC-000249,2025-09-13,19:00,Hugo Thomas,MACH-09,1,OP1004,défaut qualité pièces,apres-midi,0,0,0,0,0,0,0,0,1
INC-000250,2025-09-14,00:00,Lina Petit,MACH-04,3,OP1007,micro-fuite / baisse pression,nuit,0,1,0,0,0,0,0,0,0
INC-000251,2025-09-14,02:00,Enzo Durand,MACH-03,1,OP1008,bruit mécanique anormal,nuit,0,0,0,1,0,0,0,0,0
INC-000252,2025-09-14,14:00,Camille Martin,MACH-08,1,OP1001,bruit mécanique anormal,apres-midi,0,0,0,1,0,0,0,0,0
INC-000253,2025-09-14,22:00,Sarah Leroy,MACH-01,1,OP1009,alarme capteur,nuit,0,0,0,0,0,0,1,0,0
INC-000254,2025-09-15,04:00,Sarah Leroy,MACH-05,2,OP1009,défaut qualité pièces,nuit,0,0,0,0,0,0,0,0,1
INC-000255,2025-09-15,06:00,Lina Petit,MACH-04,2,OP1007,défaut qualité pièces,matin,0,0,0,0,0,0,0,0,1
INC-000256,2025-09-15,08:00,Lucas Bernard,MACH-10,1,OP1002,,matin,0,0,0,0,0,0,1,0,0
INC-000257,2025-09-15,22:00,Camille Martin,MACH-11,1,OP1001,,nuit,0,0,0,0,0,0,0,0,1
INC-000258,2025-09-16,01:00,Jules Moreau,MACH-08,1,OP1010,vibration excessive,nuit,0,0,1,0,0,0,0,0,0
INC-000259,2025-09-16,03:00,Nathan Richard,MACH-13,1,OP1006,vibration excessive,nuit,0,0,1,0,0,0,0,0,0
INC-000260,2025-09-17,16:00,Enzo Durand,MACH-10,2,OP1008,surconsommation électrique,apres-midi,0,0,0,0,1,0,0,0,0
INC-000261,2025-09-18,02:00,Hugo Thomas,MACH-04,1,OP1004,vibration excessive,nuit,0,0,1,0,0,0,0,0,0
INC-000262,2025-09-19,02:00,Chloé Robert,MACH-10,1,OP1005,alarme capteur,nuit,0,0,0,0,0,0,1,0,0
INC-000263,2025-09-19,04:00,Enzo Durand,MACH-10,1,OP1008,,nuit,0,0,0,1,0,0,0,0,0
INC-000264,2025-09-19,15:00,Nathan Richard,MACH-04,2,OP1006,micro-fuite / baisse pression,apres-midi,0,1,0,0,0,0,0,0,0
INC-000265,2025-09-20,15:00,Jules Moreau,MACH-07,1,OP1010,surconsommation électrique,apres-midi,0,0,0,0,1,0,0,0,0
INC-000266,2025-09-20,22:00,Lina Petit,MACH-02,2,OP1007,bruit mécanique anormal,nuit,0,0,0,1,0,0,0,0,0
INC-000267,2025-09-21,01:00,Enzo Durand,MACH-10,2,OP1008,pièce bloquée convoyeur,nuit,0,0,0,0,0,1,0,0,0
INC-000268,2025-09-21,04:00,Sarah Leroy,MACH-15,4,OP1009,alarme capteur,nuit,0,0,0,0,0,0,1,0,0
INC-000269,2025-09-21,10:00,Lina Petit,MACH-10,2,OP1007,vibration excessive,matin,0,0,1,0,0,0,0,0,0
INC-000270,2025-09-21,16:00,Chloé Robert,MACH-06,1,OP1005,bruit mécanique anormal,apres-midi,0,0,0,1,0,0,0,0,0
INC-000271,2025-09-22,03:00,Emma Dubois,MACH-01,1,OP1003,alarme capteur,nuit,0,0,0,0,0,0,1,0,0
INC-000272,2025-09-22,06:00,Nathan Richard,MACH-14,1,OP1006,bruit mécanique anormal,matin,0,0,0,1,0,0,0,0,0
INC-000273,2025-09-22,16:00,Lucas Bernard,MACH-04,3,OP1002,vibration excessive,apres-midi,0,0,1,0,0,0,0,0,0
INC-000274,2025-09-22,22:00,Hugo Thomas,MACH-01,1,OP1004,défaut qualité pièces,nuit,0,0,0,0,0,0,0,0,1
INC-000275,2025-09-23,05:00,Camille Martin,MACH-13,1,OP1001,défaut qualité pièces,nuit,0,0,0,0,0,0,0,0,1
INC-000276,2025-09-24,14:00,Emma Dubois,MACH-09,1,OP1003,chauffe anormale,apres-midi,1,0,0,0,0,0,0,0,0
INC-000277,2025-09-25,06:00,Enzo Durand,MACH-11,2,OP1008,chauffe anormale,matin,1,0,0,0,0,0,0,0,0
INC-000278,2025-09-25,20:00,Lucas Bernard,MACH-07,1,OP1002,chauffe anormale,apres-midi,1,0,0,0,0,0,0,0,0
INC-000279,2025-09-26,15:00,Jules Moreau,MACH-05,3,OP1010,micro-fuite / baisse pression,apres-midi,0,1,0,0,0,0,0,0,0
INC-000280,2025-09-26,15:00,Sarah Leroy,MACH-10,1,OP1009,surconsommation électrique,apres-midi,0,0,0,0,1,0,0,0,0
INC-000281,2025-09-26,17:00,Camille Martin,MACH-06,1,OP1001,défaut qualité pièces,apres-midi,0,0,0,0,0,0,0,0,1
INC-000282,2025-09-26,18:00,Lina Petit,MACH-05,2,OP1007,vibration excessive,apres-midi,0,0,1,0,0,0,0,0,0
INC-000283,2025-09-27,04:00,Jules Moreau,MACH-08,2,OP1010,bruit mécanique anormal,nuit,0,0,0,1,0,0,0,0,0
INC-000284,2025-09-27,10:00,Sarah Leroy,MACH-03,1,OP1009,bruit mécanique anormal,matin,0,0,0,1,0,0,0,0,0
INC-000285,2025-09-27,12:00,Emma Dubois,MACH-04,3,OP1003,bruit mécanique anormal,matin,0,0,0,1,0,0,0,0,0
INC-000286,2025-09-28,07:00,Lucas Bernard,MACH-06,3,OP1002,vibration excessive,matin,0,0,1,0,0,0,0,0,0
INC-000287,2025-09-28,21:00,Chloé Robert,MACH-09,1,OP1005,vibration excessive,apres-midi,0,0,1,0,0,0,0,0,0
INC-000288,2025-09-29,11:00,Sarah Leroy,MACH-14,2,OP1009,défaut qualité pièces,matin,0,0,0,0,0,0,0,0,1
INC-000289,2025-09-29,13:00,Camille Martin,MACH-11,1,OP1001,,matin,0,0,0,0,0,0,0,0,1
INC-000290,2025-09-30,16:00,Lucas Bernard,MACH-03,2,OP1002,défaut qualité pièces,apres-midi,0,0,0,0,0,0,0,0,1
INC-000291,2025-10-01,11:00,Emma Dubois,MACH-11,2,OP1003,,matin,0,1,0,0,0,0,0,0,0
INC-000292,2025-10-01,12:00,Hugo Thomas,MACH-09,2,OP1004,surconsommation électrique,matin,0,0,0,0,1,0,0,0,0
INC-000293,2025-10-01,13:00,Camille Martin,MACH-06,3,OP1001,vibration excessive,matin,0,0,1,0,0,0,0,0,0
INC-000294,2025-10-02,07:00,Jules Moreau,MACH-08,1,OP1010,micro-fuite / baisse pression,matin,0,1,0,0,0,0,0,0,0
INC-000295,2025-10-02,13:00,Jules Moreau,MACH-11,1,OP1010,bruit mécanique anormal,matin,0,0,0,1,0,0,0,0,0
INC-000296,2025-10-03,00:00,Emma Dubois,MACH-09,1,OP1003,défaut qualité pièces,nuit,0,0,0,0,0,0,0,0,1
INC-000297,2025-10-03,03:00,Hugo Thomas,MACH-07,1,OP1004,chauffe anormale,nuit,1,0,0,0,0,0,0,0,0
INC-000298,2025-10-04,07:00,Emma Dubois,MACH-10,3,OP1003,bruit mécanique anormal,matin,0,0,0,1,0,0,0,0,0
INC-000299,2025-10-04,14:00,Lucas Bernard,MACH-06,1,OP1002,défaut qualité pièces,apres-midi,0,0,0,0,0,0,0,0,1
INC-000300,2025-10-04,15:00,Chloé Robert,MACH-13,2,OP1005,défaut qualité pièces,apres-midi,0,0,0,0,0,0,0,0,1
INC-000301,2025-10-04,19:00,Camille Martin,MACH-14,1,OP1001,chauffe anormale,apres-midi,1,0,0,0,0,0,0,0,0
INC-000302,2025-10-04,20:00,Emma Dubois,MACH-02,1,OP1003,vibration excessive,apres-midi,0,0,1,0,0,0,0,0,0
INC-000303,2025-10-04,20:00,Hugo Thomas,MACH-12,1,OP1004,défaut qualité pièces,apres-midi,0,0,0,0,0,0,0,0,1
INC-000304,2025-10-05,08:00,Enzo Durand,MACH-04,2,OP1008,bruit mécanique anormal,matin,0,0,0,1,0,0,0,0,0
INC-000305,2025-10-05,13:00,Hugo Thomas,MACH-11,4,OP1004,chauffe anormale,matin,1,0,0,0,0,0,0,0,0
INC-000306,2025-10-05,16:00,Enzo Durand,MACH-01,4,OP1008,surconsommation électrique,apres-midi,0,0,0,0,1,0,0,0,0
INC-000307,2025-10-06,05:00,Emma Dubois,MACH-11,2,OP1003,vibration excessive,nuit,0,0,1,0,0,0,0,0,0
INC-000308,2025-10-06,07:00,Jules Moreau,MACH-02,1,OP1010,micro-fuite / baisse pression,matin,0,1,0,0,0,0,0,0,0
INC-000309,2025-10-06,08:00,Chloé Robert,MACH-03,1,OP1005,bruit mécanique anormal,matin,0,0,0,1,0,0,0,0,0
INC-000310,2025-10-06,10:00,Sarah Leroy,MACH-11,1,OP1009,,matin,0,0,0,0,0,0,1,0,0
INC-000311,2025-10-06,11:00,Emma Dubois,MACH-07,3,OP1003,chauffe anormale,matin,1,0,0,0,0,0,0,0,0
INC-000312,2025-10-07,03:00,Emma Dubois,MACH-13,1,OP1003,vibration excessive,nuit,0,0,1,0,0,0,0,0,0
INC-000313,2025-10-07,21:00,Nathan Richard,MACH-12,1,OP1006,alarme capteur,apres-midi,0,0,0,0,0,0,1,0,0
INC-000314,2025-10-08,02:00,Emma Dubois,MACH-03,1,OP1003,vibration excessive,nuit,0,0,1,0,0,0,0,0,0
INC-000315,2025-10-08,11:00,Emma Dubois,MACH-14,2,OP1003,alarme capteur,matin,0,0,0,0,0,0,1,0,0
INC-000316,2025-10-09,01:00,Camille Martin,MACH-08,2,OP1001,alarme capteur,nuit,0,0,0,0,0,0,1,0,0
INC-000317,2025-10-09,02:00,Enzo Durand,MACH-12,4,OP1008,chauffe anormale + arrêt ligne,nuit,1,0,0,0,0,0,0,1,0
INC-000318,2025-10-09,03:00,Camille Martin,MACH-01,3,OP1001,défaut qualité pièces,nuit,0,0,0,0,0,0,0,0,1
INC-000319,2025-10-09,10:00,Sarah Leroy,MACH-06,1,OP1009,vibration excessive,matin,0,0,1,0,0,0,0,0,0
INC-000320,2025-10-09,13:00,Camille Martin,MACH-13,1,OP1001,alarme capteur,matin,0,0,0,0,0,0,1,0,0
INC-000321,2025-10-09,21:00,Nathan Richard,MACH-04,2,OP1006,alarme capteur,apres-midi,0,0,0,0,0,0,1,0,0
INC-000322,2025-10-10,02:00,Nathan Richard,MACH-06,1,OP1006,micro-fuite / baisse pression,nuit,0,1,0,0,0,0,0,0,0
INC-000323,2025-10-10,08:00,Nathan Richard,MACH-07,1,OP1006,micro-fuite / baisse pression,matin,0,1,0,0,0,0,0,0,0
INC-000324,2025-10-11,23:00,Jules Moreau,MACH-12,3,OP1010,alarme capteur,nuit,0,0,0,0,0,0,1,0,0
INC-000325,2025-10-12,22:00,Enzo Durand,MACH-01,2,OP1008,alarme capteur,nuit,0,0,0,0,0,0,1,0,0
INC-000326,2025-10-13,16:00,Jules Moreau,MACH-01,1,OP1010,alarme capteur,apres-midi,0,0,0,0,0,0,1,0,0
INC-000327,2025-10-13,20:00,Camille Martin,MACH-15,2,OP1001,alarme capteur,apres-midi,0,0,0,0,0,0,1,0,0
INC-000328,2025-10-13,22:00,Camille Martin,MACH-14,1,OP1001,,nuit,1,0,0,0,0,0,0,0,0
INC-000329,2025-10-14,11:00,Emma Dubois,MACH-11,1,OP1003,surconsommation électrique,matin,0,0,0,0,1,0,0,0,0
INC-000330,2025-10-15,00:00,Enzo Durand,MACH-05,1,OP1008,bruit mécanique anormal,nuit,0,0,0,1,0,0,0,0,0
INC-000331,2025-10-16,01:00,Lucas Bernard,MACH-07,1,OP1002,alarme capteur,nuit,0,0,0,0,0,0,1,0,0
INC-000332,2025-10-16,15:00,Camille Martin,MACH-06,2,OP1001,micro-fuite / baisse pression,apres-midi,0,1,0,0,0,0,0,0,0
INC-000333,2025-10-18,20:00,Emma Dubois,MACH-02,1,OP1003,micro-fuite / baisse pression,apres-midi,0,1,0,0,0,0,0,0,0
INC-000334,2025-10-18,20:00,Jules Moreau,MACH-12,2,OP1010,bruit mécanique anormal,apres-midi,0,0,0,1,0,0,0,0,0
INC-000335,2025-10-19,16:00,Jules Moreau,MACH-07,1,OP1010,défaut qualité pièces,apres-midi,0,0,0,0,0,0,0,0,1
INC-000336,2025-10-21,01:00,Nathan Richard,MACH-15,2,OP1006,bruit mécanique anormal,nuit,0,0,0,1,0,0,0,0,0
INC-000337,2025-10-21,13:00,Lina Petit,MACH-15,1,OP1007,défaut qualité pièces,matin,0,0,0,0,0,0,0,0,1
INC-000338,2025-10-22,21:00,Enzo Durand,MACH-09,1,OP1008,chauffe anormale,apres-midi,1,0,0,0,0,0,0,0,0
INC-000339,2025-10-23,16:00,Sarah Leroy,MACH-01,2,OP1009,chauffe anormale,apres-midi,1,0,0,0,0,0,0,0,0
INC-000340,2025-10-24,13:00,Jules Moreau,MACH-09,1,OP1010,surconsommation électrique,matin,0,0,0,0,1,0,0,0,0
INC-000341,2025-10-24,17:00,Emma Dubois,MACH-02,1,OP1003,,apres-midi,0,1,0,0,0,0,0,0,0
INC-000342,2025-10-24,22:00,Chloé Robert,MACH-08,1,OP1005,alarme capteur,nuit,0,0,0,0,0,0,1,0,0
INC-000343,2025-10-25,01:00,Hugo Thomas,MACH-05,1,OP1004,vibration excessive,nuit,0,0,1,0,0,0,0,0,0
INC-000344,2025-10-25,09:00,Jules Moreau,MACH-12,2,OP1010,bruit mécanique anormal,matin,0,0,0,1,0,0,0,0,0
INC-000345,2025-10-25,09:00,Chloé Robert,MACH-15,1,OP1005,vibration excessive,matin,0,0,1,0,0,0,0,0,0
INC-000346,2025-10-25,11:00,Enzo Durand,MACH-08,1,OP1008,bruit mécanique anormal,matin,0,0,0,1,0,0,0,0,0
INC-000347,2025-10-25,17:00,Emma Dubois,MACH-07,2,OP1003,surconsommation électrique,apres-midi,0,0,0,0,1,0,0,0,0
INC-000348,2025-10-25,18:00,Camille Martin,MACH-15,2,OP1001,surconsommation électrique,apres-midi,0,0,0,0,1,0,0,0,0
INC-000349,2025-10-25,23:00,Jules Moreau,MACH-15,2,OP1010,alarme capteur,nuit,0,0,0,0,0,0,1,0,0
INC-000350,2025-10-26,00:00,Lina Petit,MACH-01,2,OP1007,chauffe anormale,nuit,1,0,0,0,0,0,0,0,0
INC-000351,2025-10-26,03:00,Chloé Robert,MACH-15,2,OP1005,défaut qualité pièces,nuit,0,0,0,0,0,0,0,0,1
INC-000352,2025-10-26,22:00,Emma Dubois,MACH-14,1,OP1003,chauffe anormale,nuit,1,0,0,0,0,0,0,0,0
INC-000353,2025-10-27,00:00,Camille Martin,MACH-04,1,OP1001,bruit mécanique anormal,nuit,0,0,0,1,0,0,0,0,0
INC-000354,2025-10-27,05:00,Enzo Durand,MACH-13,3,OP1008,alarme capteur,nuit,0,0,0,0,0,0,1,0,0
INC-000355,2025-10-27,16:00,Emma Dubois,MACH-14,3,OP1003,surconsommation électrique,apres-midi,0,0,0,0,1,0,0,0,0
INC-000356,2025-10-28,00:00,Lucas Bernard,MACH-08,1,OP1002,alarme capteur,nuit,0,0,0,0,0,0,1,0,0
INC-000357,2025-10-28,00:00,Camille Martin,MACH-12,2,OP1001,vibration excessive,nuit,0,0,1,0,0,0,0,0,0
INC-000358,2025-10-28,14:00,Sarah Leroy,MACH-06,2,OP1009,surconsommation électrique,apres-midi,0,0,0,0,1,0,0,0,0
INC-000359,2025-10-28,23:00,Sarah Leroy,MACH-10,1,OP1009,alarme capteur,nuit,0,0,0,0,0,0,1,0,0
INC-000360,2025-10-30,12:00,Lucas Bernard,MACH-06,2,OP1002,surconsommation électrique,matin,0,0,0,0,1,0,0,0,0
INC-000361,2025-10-31,06:00,Nathan Richard,MACH-13,2,OP1006,défaut qualité pièces,matin,0,0,0,0,0,0,0,0,1
INC-000362,2025-10-31,11:00,Camille Martin,MACH-12,2,OP1001,bruit mécanique anormal,matin,0,0,0,1,0,0,0,0,0
INC-000363,2025-10-31,16:00,Lina Petit,MACH-04,2,OP1007,surconsommation électrique,apres-midi,0,0,0,0,1,0,0,0,0
INC-000364,2025-11-01,09:00,Enzo Durand,MACH-04,1,OP1008,micro-fuite / baisse pression,matin,0,1,0,0,0,0,0,0,0
INC-000365,2025-11-01,14:00,Enzo Durand,MACH-13,1,OP1008,,apres-midi,0,0,0,0,1,0,0,0,0
INC-000366,2025-11-01,16:00,Hugo Thomas,MACH-10,1,OP1004,,apres-midi,0,0,0,1,0,0,0,0,0
INC-000367,2025-11-01,22:00,Lina Petit,MACH-11,2,OP1007,bruit mécanique anormal,nuit,0,0,0,1,0,0,0,0,0
INC-000368,2025-11-02,05:00,Sarah Leroy,MACH-01,2,OP1009,chauffe anormale,nuit,1,0,0,0,0,0,0,0,0
INC-000369,2025-11-03,04:00,Jules Moreau,MACH-07,2,OP1010,bruit mécanique anormal,nuit,0,0,0,1,0,0,0,0,0
INC-000370,2025-11-04,02:00,Hugo Thomas,MACH-04,1,OP1004,vibration excessive,nuit,0,0,1,0,0,0,0,0,0
INC-000371,2025-11-06,01:00,Enzo Durand,MACH-07,1,OP1008,bruit mécanique anormal,nuit,0,0,0,1,0,0,0,0,0
INC-000372,2025-11-06,09:00,Lucas Bernard,MACH-05,1,OP1002,défaut qualité pièces,matin,0,0,0,0,0,0,0,0,1
INC-000373,2025-11-08,04:00,Chloé Robert,MACH-04,1,OP1005,défaut qualité pièces,nuit,0,0,0,0,0,0,0,0,1
INC-000374,2025-11-08,04:00,Enzo Durand,MACH-05,1,OP1008,surconsommation électrique,nuit,0,0,0,0,1,0,0,0,0
INC-000375,2025-11-08,20:00,Lina Petit,MACH-12,3,OP1007,chauffe anormale,apres-midi,1,0,0,0,0,0,0,0,0
INC-000376,2025-11-08,22:00,Lucas Bernard,MACH-12,2,OP1002,défaut qualité pièces,nuit,0,0,0,0,0,0,0,0,1
INC-000377,2025-11-09,10:00,Lina Petit,MACH-10,1,OP1007,vibration excessive,matin,0,0,1,0,0,0,0,0,0
INC-000378,2025-11-09,20:00,Lina Petit,MACH-01,2,OP1007,,apres-midi,0,0,0,0,0,0,0,0,1
INC-000379,2025-11-09,22:00,Hugo Thomas,MACH-05,3,OP1004,alarme capteur,nuit,0,0,0,0,0,0,1,0,0
INC-000380,2025-11-10,16:00,Emma Dubois,MACH-14,1,OP1003,alarme capteur,apres-midi,0,0,0,0,0,0,1,0,0
INC-000381,2025-11-10,18:00,Camille Martin,MACH-14,1,OP1001,bruit mécanique anormal,apres-midi,0,0,0,1,0,0,0,0,0
INC-000382,2025-11-10,21:00,Lucas Bernard,MACH-06,1,OP1002,bruit mécanique anormal,apres-midi,0,0,0,1,0,0,0,0,0
INC-000383,2025-11-11,06:00,Nathan Richard,MACH-10,1,OP1006,alarme capteur,matin,0,0,0,0,0,0,1,0,0
INC-000384,2025-11-11,08:00,Hugo Thomas,MACH-05,2,OP1004,chauffe anormale,matin,1,0,0,0,0,0,0,0,0
INC-000385,2025-11-11,10:00,Lucas Bernard,MACH-10,3,OP1002,surconsommation électrique,matin,0,0,0,0,1,0,0,0,0
INC-000386,2025-11-11,17:00,Lina Petit,MACH-09,1,OP1007,micro-fuite / baisse pression,apres-midi,0,1,0,0,0,0,0,0,0
INC-000387,2025-11-11,19:00,Sarah Leroy,MACH-11,2,OP1009,micro-fuite / baisse pression,apres-midi,0,1,0,0,0,0,0,0,0
INC-000388,2025-11-11,21:00,Lina Petit,MACH-13,3,OP1007,défaut qualité pièces,apres-midi,0,0,0,0,0,0,0,0,1
INC-000389,2025-11-11,21:00,Nathan Richard,MACH-13,1,OP1006,surconsommation électrique,apres-midi,0,0,0,0,1,0,0,0,0
INC-000390,2025-11-12,10:00,Hugo Thomas,MACH-15,1,OP1004,bruit mécanique anormal,matin,0,0,0,1,0,0,0,0,0
INC-000391,2025-11-13,04:00,Jules Moreau,MACH-15,1,OP1010,,nuit,0,0,0,0,1,0,0,0,0
INC-000392,2025-11-13,08:00,Jules Moreau,MACH-10,2,OP1010,vibration excessive,matin,0,0,1,0,0,0,0,0,0
INC-000393,2025-11-13,09:00,Chloé Robert,MACH-12,2,OP1005,micro-fuite / baisse pression,matin,0,1,0,0,0,0,0,0,0
INC-000394,2025-11-13,10:00,Nathan Richard,MACH-02,1,OP1006,bruit mécanique anormal,matin,0,0,0,1,0,0,0,0,0
INC-000395,2025-11-13,14:00,Lucas Bernard,MACH-04,1,OP1002,,apres-midi,0,0,0,0,0,0,0,0,1
INC-000396,2025-11-13,15:00,Hugo Thomas,MACH-15,1,OP1004,défaut qualité pièces,apres-midi,0,0,0,0,0,0,0,0,1
INC-000397,2025-11-14,01:00,Emma Dubois,MACH-06,1,OP1003,défaut qualité pièces,nuit,0,0,0,0,0,0,0,0,1
INC-000398,2025-11-14,12:00,Hugo Thomas,MACH-11,2,OP1004,alarme capteur,matin,0,0,0,0,0,0,1,0,0
INC-000399,2025-11-14,18:00,Nathan Richard,MACH-12,1,OP1006,,apres-midi,0,0,0,0,0,0,1,0,0
INC-000400,2025-11-15,04:00,Lina Petit,MACH-04,4,OP1007,vibration excessive + arrêt ligne,nuit,0,0,1,0,0,0,0,1,0
INC-000401,2025-11-15,07:00,Chloé Robert,MACH-09,1,OP1005,défaut qualité pièces,matin,0,0,0,0,0,0,0,0,1
INC-000402,2025-11-15,10:00,Camille Martin,MACH-09,1,OP1001,vibration excessive,matin,0,0,1,0,0,0,0,0,0
INC-000403,2025-11-16,01:00,Chloé Robert,MACH-01,1,OP1005,alarme capteur,nuit,0,0,0,0,0,0,1,0,0
INC-000404,2025-11-16,13:00,Chloé Robert,MACH-08,2,OP1005,défaut qualité pièces,matin,0,0,0,0,0,0,0,0,1
INC-000405,2025-11-16,16:00,Nathan Richard,MACH-05,1,OP1006,chauffe anormale,apres-midi,1,0,0,0,0,0,0,0,0
INC-000406,2025-11-16,16:00,Chloé Robert,MACH-09,1,OP1005,bruit mécanique anormal,apres-midi,0,0,0,1,0,0,0,0,0
INC-000407,2025-11-17,11:00,Chloé Robert,MACH-04,1,OP1005,chauffe anormale,matin,1,0,0,0,0,0,0,0,0
INC-000408,2025-11-20,10:00,Camille Martin,MACH-12,2,OP1001,micro-fuite / baisse pression,matin,0,1,0,0,0,0,0,0,0
INC-000409,2025-11-20,23:00,Lucas Bernard,MACH-09,2,OP1002,défaut qualité pièces,nuit,0,0,0,0,0,0,0,0,1
INC-000410,2025-11-21,17:00,Nathan Richard,MACH-06,1,OP1006,défaut qualité pièces,apres-midi,0,0,0,0,0,0,0,0,1
INC-000411,2025-11-21,22:00,Enzo Durand,MACH-03,1,OP1008,surconsommation électrique,nuit,0,0,0,0,1,0,0,0,0
INC-000412,2025-11-21,23:00,Camille Martin,MACH-08,4,OP1001,alarme capteur + arrêt ligne,nuit,0,0,0,0,0,0,1,1,0
INC-000413,2025-11-22,07:00,Emma Dubois,MACH-05,1,OP1003,défaut qualité pièces,matin,0,0,0,0,0,0,0,0,1
INC-000414,2025-11-22,20:00,Chloé Robert,MACH-01,2,OP1005,défaut qualité pièces,apres-midi,0,0,0,0,0,0,0,0,1
INC-000415,2025-11-23,00:00,Hugo Thomas,MACH-04,1,OP1004,micro-fuite / baisse pression,nuit,0,1,0,0,0,0,0,0,0
INC-000416,2025-11-23,02:00,Lina Petit,MACH-08,2,OP1007,défaut qualité pièces,nuit,0,0,0,0,0,0,0,0,1
INC-000417,2025-11-23,16:00,Nathan Richard,MACH-11,1,OP1006,alarme capteur,apres-midi,0,0,0,0,0,0,1,0,0
INC-000418,2025-11-24,12:00,Lina Petit,MACH-15,1,OP1007,,matin,0,0,0,0,0,0,1,0,0
INC-000419,2025-11-24,21:00,Nathan Richard,MACH-12,1,OP1006,vibration excessive,apres-midi,0,0,1,0,0,0,0,0,0
INC-000420,2025-11-25,02:00,Emma Dubois,MACH-08,3,OP1003,alarme capteur,nuit,0,0,0,0,0,0,1,0,0
INC-000421,2025-11-25,03:00,Jules Moreau,MACH-11,2,OP1010,vibration excessive,nuit,0,0,1,0,0,0,0,0,0
INC-000422,2025-11-25,11:00,Sarah Leroy,MACH-06,2,OP1009,bruit mécanique anormal,matin,0,0,0,1,0,0,0,0,0
INC-000423,2025-11-26,03:00,Enzo Durand,MACH-07,1,OP1008,vibration excessive,nuit,0,0,1,0,0,0,0,0,0
INC-000424,2025-11-26,06:00,Hugo Thomas,MACH-13,1,OP1004,surconsommation électrique,matin,0,0,0,0,1,0,0,0,0
INC-000425,2025-11-27,14:00,Enzo Durand,MACH-03,1,OP1008,alarme capteur,apres-midi,0,0,0,0,0,0,1,0,0
INC-000426,2025-11-27,17:00,Jules Moreau,MACH-10,4,OP1010,micro-fuite / baisse pression + arrêt ligne,apres-midi,0,1,0,0,0,0,0,1,0
INC-000427,2025-11-27,21:00,Hugo Thomas,MACH-09,1,OP1004,chauffe anormale,apres-midi,1,0,0,0,0,0,0,0,0
INC-000428,2025-11-28,16:00,Lina Petit,MACH-12,2,OP1007,micro-fuite / baisse pression,apres-midi,0,1,0,0,0,0,0,0,0
INC-000429,2025-11-29,17:00,Hugo Thomas,MACH-05,1,OP1004,alarme capteur,apres-midi,0,0,0,0,0,0,1,0,0
INC-000430,2025-11-30,02:00,Sarah Leroy,MACH-08,1,OP1009,alarme capteur,nuit,0,0,0,0,0,0,1,0,0
INC-000431,2025-11-30,11:00,Camille Martin,MACH-03,2,OP1001,défaut qualité pièces,matin,0,0,0,0,0,0,0,0,1
INC-000432,2025-12-01,19:00,Nathan Richard,MACH-04,1,OP1006,alarme capteur,apres-midi,0,0,0,0,0,0,1,0,0
INC-000433,2025-12-01,21:00,Camille Martin,MACH-09,1,OP1001,surconsommation électrique,apres-midi,0,0,0,0,1,0,0,0,0
INC-000434,2025-12-02,13:00,Hugo Thomas,MACH-15,3,OP1004,micro-fuite / baisse pression,matin,0,1,0,0,0,0,0,0,0
INC-000435,2025-12-03,13:00,Emma Dubois,MACH-13,1,OP1003,bruit mécanique anormal,matin,0,0,0,1,0,0,0,0,0
INC-000436,2025-12-03,14:00,Chloé Robert,MACH-04,1,OP1005,défaut qualité pièces,apres-midi,0,0,0,0,0,0,0,0,1
INC-000437,2025-12-04,21:00,Jules Moreau,MACH-13,1,OP1010,,apres-midi,0,0,0,0,0,0,1,0,0
INC-000438,2025-12-05,15:00,Camille Martin,MACH-06,2,OP1001,pièce bloquée convoyeur,apres-midi,0,0,0,0,0,1,0,0,0
INC-000439,2025-12-06,10:00,Emma Dubois,MACH-08,1,OP1003,bruit mécanique anormal,matin,0,0,0,1,0,0,0,0,0
INC-000440,2025-12-06,13:00,Lucas Bernard,MACH-07,2,OP1002,alarme capteur,matin,0,0,0,0,0,0,1,0,0
INC-000441,2025-12-06,16:00,Hugo Thomas,MACH-01,1,OP1004,défaut qualité pièces,apres-midi,0,0,0,0,0,0,0,0,1
INC-000442,2025-12-07,00:00,Sarah Leroy,MACH-02,1,OP1009,bruit mécanique anormal,nuit,0,0,0,1,0,0,0,0,0
INC-000443,2025-12-07,05:00,Hugo Thomas,MACH-14,1,OP1004,,nuit,0,0,0,0,0,0,0,0,1
INC-000444,2025-12-08,00:00,Emma Dubois,MACH-05,1,OP1003,alarme capteur,nuit,0,0,0,0,0,0,1,0,0
INC-000445,2025-12-08,02:00,Jules Moreau,MACH-09,2,OP1010,bruit mécanique anormal,nuit,0,0,0,1,0,0,0,0,0
INC-000446,2025-12-08,03:00,Enzo Durand,MACH-12,2,OP1008,,nuit,0,0,0,0,1,0,0,0,0
INC-000447,2025-12-08,05:00,Jules Moreau,MACH-02,2,OP1010,micro-fuite / baisse pression,nuit,0,1,0,0,0,0,0,0,0
INC-000448,2025-12-08,19:00,Emma Dubois,MACH-01,1,OP1003,défaut qualité pièces,apres-midi,0,0,0,0,0,0,0,0,1
INC-000449,2025-12-09,02:00,Jules Moreau,MACH-10,3,OP1010,alarme capteur,nuit,0,0,0,0,0,0,1,0,0
INC-000450,2025-12-09,11:00,Lina Petit,MACH-07,2,OP1007,chauffe anormale,matin,1,0,0,0,0,0,0,0,0
INC-000451,2025-12-09,13:00,Emma Dubois,MACH-02,3,OP1003,alarme capteur,matin,0,0,0,0,0,0,1,0,0
INC-000452,2025-12-09,13:00,Camille Martin,MACH-12,2,OP1001,surconsommation électrique,matin,0,0,0,0,1,0,0,0,0
INC-000453,2025-12-09,16:00,Sarah Leroy,MACH-15,1,OP1009,micro-fuite / baisse pression,apres-midi,0,1,0,0,0,0,0,0,0
INC-000454,2025-12-09,19:00,Camille Martin,MACH-13,1,OP1001,bruit mécanique anormal,apres-midi,0,0,0,1,0,0,0,0,0
INC-000455,2025-12-10,11:00,Sarah Leroy,MACH-08,1,OP1009,bruit mécanique anormal,matin,0,0,0,1,0,0,0,0,0
INC-000456,2025-12-10,11:00,Jules Moreau,MACH-13,2,OP1010,bruit mécanique anormal,matin,0,0,0,1,0,0,0,0,0
INC-000457,2025-12-10,14:00,Chloé Robert,MACH-12,1,OP1005,micro-fuite / baisse pression,apres-midi,0,1,0,0,0,0,0,0,0
INC-000458,2025-12-10,17:00,Enzo Durand,MACH-06,1,OP1008,alarme capteur,apres-midi,0,0,0,0,0,0,1,0,0
INC-000459,2025-12-10,20:00,Enzo Durand,MACH-01,1,OP1008,surconsommation électrique,apres-midi,0,0,0,0,1,0,0,0,0
INC-000460,2025-12-10,23:00,Camille Martin,MACH-04,1,OP1001,défaut qualité pièces,nuit,0,0,0,0,0,0,0,0,1
INC-000461,2025-12-11,20:00,Nathan Richard,MACH-05,3,OP1006,surconsommation électrique,apres-midi,0,0,0,0,1,0,0,0,0
INC-000462,2025-12-12,01:00,Emma Dubois,MACH-04,1,OP1003,vibration excessive,nuit,0,0,1,0,0,0,0,0,0
INC-000463,2025-12-12,11:00,Hugo Thomas,MACH-07,1,OP1004,défaut qualité pièces,matin,0,0,0,0,0,0,0,0,1
INC-000464,2025-12-12,18:00,Chloé Robert,MACH-02,1,OP1005,micro-fuite / baisse pression,apres-midi,0,1,0,0,0,0,0,0,0
INC-000465,2025-12-12,18:00,Lucas Bernard,MACH-15,1,OP1002,défaut qualité pièces,apres-midi,0,0,0,0,0,0,0,0,1
INC-000466,2025-12-13,16:00,Enzo Durand,MACH-10,2,OP1008,bruit mécanique anormal,apres-midi,0,0,0,1,0,0,0,0,0
INC-000467,2025-12-13,23:00,Lina Petit,MACH-13,2,OP1007,surconsommation électrique,nuit,0,0,0,0,1,0,0,0,0
INC-000468,2025-12-14,01:00,Hugo Thomas,MACH-13,1,OP1004,défaut qualité pièces,nuit,0,0,0,0,0,0,0,0,1
INC-000469,2025-12-15,02:00,Jules Moreau,MACH-10,1,OP1010,vibration excessive,nuit,0,0,1,0,0,0,0,0,0
INC-000470,2025-12-15,19:00,Nathan Richard,MACH-14,1,OP1006,surconsommation électrique,apres-midi,0,0,0,0,1,0,0,0,0
INC-000471,2025-12-16,08:00,Enzo Durand,MACH-15,1,OP1008,bruit mécanique anormal,matin,0,0,0,1,0,0,0,0,0
INC-000472,2025-12-16,18:00,Chloé Robert,MACH-01,1,OP1005,défaut qualité pièces,apres-midi,0,0,0,0,0,0,0,0,1
INC-000473,2025-12-17,03:00,Chloé Robert,MACH-04,1,OP1005,défaut qualité pièces,nuit,0,0,0,0,0,0,0,0,1
INC-000474,2025-12-17,09:00,Sarah Leroy,MACH-05,1,OP1009,bruit mécanique anormal,matin,0,0,0,1,0,0,0,0,0
INC-000475,2025-12-17,17:00,Hugo Thomas,MACH-02,1,OP1004,chauffe anormale,apres-midi,1,0,0,0,0,0,0,0,0
INC-000476,2025-12-17,19:00,Hugo Thomas,MACH-03,3,OP1004,bruit mécanique anormal,apres-midi,0,0,0,1,0,0,0,0,0
INC-000477,2025-12-17,22:00,Hugo Thomas,MACH-11,2,OP1004,surconsommation électrique,nuit,0,0,0,0,1,0,0,0,0
INC-000478,2025-12-18,12:00,Hugo Thomas,MACH-02,4,OP1004,micro-fuite / baisse pression + arrêt ligne,matin,0,1,0,0,0,0,0,1,0
INC-000479,2025-12-19,06:00,Sarah Leroy,MACH-05,3,OP1009,chauffe anormale,matin,1,0,0,0,0,0,0,0,0
INC-000480,2025-12-19,07:00,Lina Petit,MACH-02,1,OP1007,alarme capteur,matin,0,0,0,0,0,0,1,0,0
INC-000481,2025-12-19,18:00,Sarah Leroy,MACH-02,1,OP1009,défaut qualité pièces,apres-midi,0,0,0,0,0,0,0,0,1
INC-000482,2025-12-20,00:00,Chloé Robert,MACH-07,3,OP1005,alarme capteur,nuit,0,0,0,0,0,0,1,0,0
INC-000483,2025-12-20,07:00,Hugo Thomas,MACH-05,1,OP1004,,matin,1,0,0,0,0,0,0,0,0
INC-000484,2025-12-20,08:00,Camille Martin,MACH-14,2,OP1001,alarme capteur,matin,0,0,0,0,0,0,1,0,0
INC-000485,2025-12-20,11:00,Lina Petit,MACH-02,1,OP1007,alarme capteur,matin,0,0,0,0,0,0,1,0,0
INC-000486,2025-12-20,11:00,Chloé Robert,MACH-06,1,OP1005,bruit mécanique anormal,matin,0,0,0,1,0,0,0,0,0
INC-000487,2025-12-20,13:00,Lucas Bernard,MACH-07,1,OP1002,micro-fuite / baisse pression,matin,0,1,0,0,0,0,0,0,0
INC-000488,2025-12-21,18:00,Hugo Thomas,MACH-15,1,OP1004,bruit mécanique anormal,apres-midi,0,0,0,1,0,0,0,0,0
INC-000489,2025-12-22,12:00,Chloé Robert,MACH-15,1,OP1005,micro-fuite / baisse pression,matin,0,1,0,0,0,0,0,0,0
INC-000490,2025-12-23,14:00,Nathan Richard,MACH-10,1,OP1006,défaut qualité pièces,apres-midi,0,0,0,0,0,0,0,0,1
INC-000491,2025-12-25,01:00,Emma Dubois,MACH-10,1,OP1003,bruit mécanique anormal,nuit,0,0,0,1,0,0,0,0,0
INC-000492,2025-12-25,20:00,Lucas Bernard,MACH-03,1,OP1002,défaut qualité pièces,apres-midi,0,0,0,0,0,0,0,0,1
INC-000493,2025-12-25,20:00,Enzo Durand,MACH-15,2,OP1008,bruit mécanique anormal,apres-midi,0,0,0,1,0,0,0,0,0
INC-000494,2025-12-26,00:00,Chloé Robert,MACH-11,1,OP1005,chauffe anormale,nuit,1,0,0,0,0,0,0,0,0
INC-000495,2025-12-26,16:00,Lina Petit,MACH-03,4,OP1007,bruit mécanique anormal + arrêt ligne,apres-midi,0,0,0,1,0,0,0,1,0
INC-000496,2025-12-27,09:00,Enzo Durand,MACH-08,2,OP1008,défaut qualité pièces,matin,0,0,0,0,0,0,0,0,1
INC-000497,2025-12-27,22:00,Emma Dubois,MACH-12,1,OP1003,vibration excessive,nuit,0,0,1,0,0,0,0,0,0
INC-000498,2025-12-28,20:00,Hugo Thomas,MACH-12,1,OP1004,vibration excessive,apres-midi,0,0,1,0,0,0,0,0,0
INC-000499,2025-12-29,02:00,Enzo Durand,MACH-08,2,OP1008,défaut qualité pièces,nuit,0,0,0,0,0,0,0,0,1
INC-000500,2025-12-29,04:00,Lucas Bernard,MACH-09,2,OP1002,alarme capteur,nuit,0,0,0,0,0,0,1,0,0
INC-000501,2025-12-29,10:00,Lucas Bernard,MACH-13,1,OP1002,vibration excessive,matin,0,0,1,0,0,0,0,0,0
INC-000502,2025-12-29,11:00,Camille Martin,MACH-13,1,OP1001,micro-fuite / baisse pression,matin,0,1,0,0,0,0,0,0,0
INC-000503,2025-12-29,18:00,Enzo Durand,MACH-04,1,OP1008,chauffe anormale,apres-midi,1,0,0,0,0,0,0,0,0
INC-000504,2025-12-29,23:00,Sarah Leroy,MACH-14,3,OP1009,chauffe anormale,nuit,1,0,0,0,0,0,0,0,0
INC-000505,2025-12-30,02:00,Emma Dubois,MACH-07,3,OP1003,bruit mécanique anormal,nuit,0,0,0,1,0,0,0,0,0
INC-000506,2026-01-01,11:00,Emma Dubois,MACH-02,3,OP1003,surconsommation électrique,matin,0,0,0,0,1,0,0,0,0
INC-000507,2026-01-01,19:00,Jules Moreau,MACH-14,2,OP1010,alarme capteur,apres-midi,0,0,0,0,0,0,1,0,0
INC-000508,2026-01-02,02:00,Camille Martin,MACH-03,2,OP1001,vibration excessive,nuit,0,0,1,0,0,0,0,0,0
INC-000509,2026-01-02,11:00,Chloé Robert,MACH-11,1,OP1005,chauffe anormale,matin,1,0,0,0,0,0,0,0,0
INC-000510,2026-01-02,13:00,Sarah Leroy,MACH-12,2,OP1009,,matin,0,0,0,0,1,0,0,0,0
INC-000511,2026-01-02,13:00,Emma Dubois,MACH-13,1,OP1003,micro-fuite / baisse pression,matin,0,1,0,0,0,0,0,0,0
INC-000512,2026-01-03,08:00,Lina Petit,MACH-03,2,OP1007,chauffe anormale,matin,1,0,0,0,0,0,0,0,0
INC-000513,2026-01-03,09:00,Chloé Robert,MACH-12,2,OP1005,vibration excessive,matin,0,0,1,0,0,0,0,0,0
INC-000514,2026-01-03,11:00,Emma Dubois,MACH-01,1,OP1003,bruit mécanique anormal,matin,0,0,0,1,0,0,0,0,0
INC-000515,2026-01-03,19:00,Lucas Bernard,MACH-02,3,OP1002,défaut qualité pièces,apres-midi,0,0,0,0,0,0,0,0,1
INC-000516,2026-01-04,00:00,Nathan Richard,MACH-11,2,OP1006,micro-fuite / baisse pression,nuit,0,1,0,0,0,0,0,0,0
INC-000517,2026-01-04,02:00,Enzo Durand,MACH-14,3,OP1008,vibration excessive,nuit,0,0,1,0,0,0,0,0,0
INC-000518,2026-01-04,16:00,Chloé Robert,MACH-09,1,OP1005,alarme capteur,apres-midi,0,0,0,0,0,0,1,0,0
INC-000519,2026-01-04,18:00,Enzo Durand,MACH-10,2,OP1008,vibration excessive,apres-midi,0,0,1,0,0,0,0,0,0
INC-000520,2026-01-05,06:00,Jules Moreau,MACH-14,1,OP1010,vibration excessive,matin,0,0,1,0,0,0,0,0,0
INC-000521,2026-01-05,22:00,Enzo Durand,MACH-03,1,OP1008,surconsommation électrique,nuit,0,0,0,0,1,0,0,0,0
INC-000522,2026-01-07,06:00,Lucas Bernard,MACH-10,2,OP1002,alarme capteur,matin,0,0,0,0,0,0,1,0,0
INC-000523,2026-01-08,09:00,Sarah Leroy,MACH-15,2,OP1009,surconsommation électrique,matin,0,0,0,0,1,0,0,0,0
INC-000524,2026-01-08,18:00,Emma Dubois,MACH-01,2,OP1003,,apres-midi,0,0,0,0,0,0,0,0,1
INC-000525,2026-01-08,23:00,Sarah Leroy,MACH-06,1,OP1009,chauffe anormale,nuit,1,0,0,0,0,0,0,0,0
INC-000526,2026-01-09,15:00,Lucas Bernard,MACH-08,1,OP1002,,apres-midi,0,1,0,0,0,0,0,0,0
INC-000527,2026-01-10,08:00,Sarah Leroy,MACH-10,1,OP1009,micro-fuite / baisse pression,matin,0,1,0,0,0,0,0,0,0
INC-000528,2026-01-10,16:00,Jules Moreau,MACH-10,1,OP1010,alarme capteur,apres-midi,0,0,0,0,0,0,1,0,0
INC-000529,2026-01-11,07:00,Camille Martin,MACH-14,2,OP1001,bruit mécanique anormal,matin,0,0,0,1,0,0,0,0,0
INC-000530,2026-01-11,12:00,Emma Dubois,MACH-14,3,OP1003,alarme capteur,matin,0,0,0,0,0,0,1,0,0
INC-000531,2026-01-12,01:00,Nathan Richard,MACH-05,2,OP1006,vibration excessive,nuit,0,0,1,0,0,0,0,0,0
INC-000532,2026-01-12,12:00,Lina Petit,MACH-03,1,OP1007,vibration excessive,matin,0,0,1,0,0,0,0,0,0
INC-000533,2026-01-12,21:00,Nathan Richard,MACH-01,3,OP1006,alarme capteur,apres-midi,0,0,0,0,0,0,1,0,0
INC-000534,2026-01-13,09:00,Emma Dubois,MACH-09,3,OP1003,chauffe anormale,matin,1,0,0,0,0,0,0,0,0
INC-000535,2026-01-13,16:00,Sarah Leroy,MACH-07,2,OP1009,alarme capteur,apres-midi,0,0,0,0,0,0,1,0,0
INC-000536,2026-01-13,19:00,Nathan Richard,MACH-14,3,OP1006,chauffe anormale,apres-midi,1,0,0,0,0,0,0,0,0
INC-000537,2026-01-14,12:00,Emma Dubois,MACH-11,4,OP1003,chauffe anormale,matin,1,0,0,0,0,0,0,0,0
INC-000538,2026-01-14,15:00,Sarah Leroy,MACH-14,2,OP1009,micro-fuite / baisse pression,apres-midi,0,1,0,0,0,0,0,0,0
INC-000539,2026-01-15,01:00,Camille Martin,MACH-09,1,OP1001,vibration excessive,nuit,0,0,1,0,0,0,0,0,0
INC-000540,2026-01-15,10:00,Sarah Leroy,MACH-09,1,OP1009,vibration excessive,matin,0,0,1,0,0,0,0,0,0
INC-000541,2026-01-15,11:00,Lucas Bernard,MACH-06,3,OP1002,défaut qualité pièces,matin,0,0,0,0,0,0,0,0,1
INC-000542,2026-01-16,13:00,Camille Martin,MACH-02,1,OP1001,chauffe anormale,matin,1,0,0,0,0,0,0,0,0
INC-000543,2026-01-16,14:00,Lucas Bernard,MACH-07,3,OP1002,vibration excessive,apres-midi,0,0,1,0,0,0,0,0,0
INC-000544,2026-01-17,14:00,Chloé Robert,MACH-05,1,OP1005,défaut qualité pièces,apres-midi,0,0,0,0,0,0,0,0,1
INC-000545,2026-01-17,16:00,Jules Moreau,MACH-01,2,OP1010,micro-fuite / baisse pression,apres-midi,0,1,0,0,0,0,0,0,0
INC-000546,2026-01-17,17:00,Nathan Richard,MACH-14,2,OP1006,surconsommation électrique,apres-midi,0,0,0,0,1,0,0,0,0
INC-000547,2026-01-18,02:00,Nathan Richard,MACH-05,1,OP1006,micro-fuite / baisse pression,nuit,0,1,0,0,0,0,0,0,0
INC-000548,2026-01-18,15:00,Chloé Robert,MACH-11,1,OP1005,vibration excessive,apres-midi,0,0,1,0,0,0,0,0,0
INC-000549,2026-01-19,19:00,Lucas Bernard,MACH-10,1,OP1002,défaut qualité pièces,apres-midi,0,0,0,0,0,0,0,0,1
INC-000550,2026-01-21,21:00,Lina Petit,MACH-03,2,OP1007,alarme capteur,apres-midi,0,0,0,0,0,0,1,0,0
INC-000551,2026-01-21,23:00,Enzo Durand,MACH-14,1,OP1008,bruit mécanique anormal,nuit,0,0,0,1,0,0,0,0,0
INC-000552,2026-01-22,10:00,Camille Martin,MACH-14,3,OP1001,bruit mécanique anormal,matin,0,0,0,1,0,0,0,0,0
INC-000553,2026-01-22,17:00,Nathan Richard,MACH-02,2,OP1006,pièce bloquée convoyeur,apres-midi,0,0,0,0,0,1,0,0,0
INC-000554,2026-01-22,17:00,Lucas Bernard,MACH-02,2,OP1002,chauffe anormale,apres-midi,1,0,0,0,0,0,0,0,0
INC-000555,2026-01-23,14:00,Jules Moreau,MACH-12,2,OP1010,vibration excessive,apres-midi,0,0,1,0,0,0,0,0,0
INC-000556,2026-01-23,15:00,Emma Dubois,MACH-01,1,OP1003,bruit mécanique anormal,apres-midi,0,0,0,1,0,0,0,0,0
INC-000557,2026-01-24,15:00,Nathan Richard,MACH-09,2,OP1006,,apres-midi,0,0,0,0,0,0,0,0,1
INC-000558,2026-01-24,15:00,Sarah Leroy,MACH-15,1,OP1009,alarme capteur,apres-midi,0,0,0,0,0,0,1,0,0
INC-000559,2026-01-25,08:00,Chloé Robert,MACH-08,2,OP1005,alarme capteur,matin,0,0,0,0,0,0,1,0,0
INC-000560,2026-01-25,11:00,Hugo Thomas,MACH-03,1,OP1004,défaut qualité pièces,matin,0,0,0,0,0,0,0,0,1
INC-000561,2026-01-25,13:00,Lucas Bernard,MACH-01,1,OP1002,micro-fuite / baisse pression,matin,0,1,0,0,0,0,0,0,0
INC-000562,2026-01-25,13:00,Nathan Richard,MACH-01,2,OP1006,micro-fuite / baisse pression,matin,0,1,0,0,0,0,0,0,0
INC-000563,2026-01-26,05:00,Sarah Leroy,MACH-07,1,OP1009,surconsommation électrique,nuit,0,0,0,0,1,0,0,0,0
INC-000564,2026-01-26,08:00,Sarah Leroy,MACH-13,1,OP1009,vibration excessive,matin,0,0,1,0,0,0,0,0,0
INC-000565,2026-01-27,01:00,Enzo Durand,MACH-15,1,OP1008,alarme capteur,nuit,0,0,0,0,0,0,1,0,0
INC-000566,2026-01-27,07:00,Lucas Bernard,MACH-02,1,OP1002,vibration excessive,matin,0,0,1,0,0,0,0,0,0
INC-000567,2026-01-27,18:00,Emma Dubois,MACH-02,3,OP1003,défaut qualité pièces,apres-midi,0,0,0,0,0,0,0,0,1
INC-000568,2026-01-28,11:00,Chloé Robert,MACH-10,1,OP1005,vibration excessive,matin,0,0,1,0,0,0,0,0,0
INC-000569,2026-01-28,19:00,Hugo Thomas,MACH-10,1,OP1004,vibration excessive,apres-midi,0,0,1,0,0,0,0,0,0
INC-000570,2026-01-29,10:00,Emma Dubois,MACH-08,1,OP1003,surconsommation électrique,matin,0,0,0,0,1,0,0,0,0
INC-000571,2026-01-30,19:00,Sarah Leroy,MACH-03,1,OP1009,vibration excessive,apres-midi,0,0,1,0,0,0,0,0,0
INC-000572,2026-01-31,00:00,Enzo Durand,MACH-07,1,OP1008,chauffe anormale,nuit,1,0,0,0,0,0,0,0,0
INC-000573,2026-01-31,02:00,Lina Petit,MACH-02,1,OP1007,alarme capteur,nuit,0,0,0,0,0,0,1,0,0
INC-000574,2026-01-31,02:00,Hugo Thomas,MACH-04,3,OP1004,bruit mécanique anormal,nuit,0,0,0,1,0,0,0,0,0
INC-000575,2026-01-31,08:00,Sarah Leroy,MACH-08,1,OP1009,vibration excessive,matin,0,0,1,0,0,0,0,0,0
INC-000576,2026-01-31,12:00,Hugo Thomas,MACH-13,3,OP1004,chauffe anormale,matin,1,0,0,0,0,0,0,0,0
INC-000577,2026-01-31,15:00,Hugo Thomas,MACH-03,1,OP1004,bruit mécanique anormal,apres-midi,0,0,0,1,0,0,0,0,0
INC-000578,2026-01-31,15:00,Nathan Richard,MACH-12,1,OP1006,défaut qualité pièces,apres-midi,0,0,0,0,0,0,0,0,1
INC-000579,2026-02-02,14:00,Lina Petit,MACH-04,1,OP1007,alarme capteur,apres-midi,0,0,0,0,0,0,1,0,0
INC-000580,2026-02-02,17:00,Chloé Robert,MACH-10,3,OP1005,défaut qualité pièces,apres-midi,0,0,0,0,0,0,0,0,1
INC-000581,2026-02-02,20:00,Lucas Bernard,MACH-04,1,OP1002,défaut qualité pièces,apres-midi,0,0,0,0,0,0,0,0,1
INC-000582,2026-02-03,11:00,Hugo Thomas,MACH-13,1,OP1004,bruit mécanique anormal,matin,0,0,0,1,0,0,0,0,0
INC-000583,2026-02-03,12:00,Sarah Leroy,MACH-03,2,OP1009,bruit mécanique anormal,matin,0,0,0,1,0,0,0,0,0
INC-000584,2026-02-03,17:00,Chloé Robert,MACH-12,1,OP1005,surconsommation électrique,apres-midi,0,0,0,0,1,0,0,0,0
INC-000585,2026-02-04,11:00,Sarah Leroy,MACH-14,1,OP1009,surconsommation électrique,matin,0,0,0,0,1,0,0,0,0
INC-000586,2026-02-05,06:00,Sarah Leroy,MACH-05,3,OP1009,chauffe anormale,matin,1,0,0,0,0,0,0,0,0
INC-000587,2026-02-05,15:00,Enzo Durand,MACH-14,1,OP1008,micro-fuite / baisse pression,apres-midi,0,1,0,0,0,0,0,0,0
INC-000588,2026-02-05,22:00,Jules Moreau,MACH-06,2,OP1010,micro-fuite / baisse pression,nuit,0,1,0,0,0,0,0,0,0
INC-000589,2026-02-06,11:00,Chloé Robert,MACH-08,1,OP1005,défaut qualité pièces,matin,0,0,0,0,0,0,0,0,1
INC-000590,2026-02-06,19:00,Nathan Richard,MACH-10,1,OP1006,bruit mécanique anormal,apres-midi,0,0,0,1,0,0,0,0,0
INC-000591,2026-02-06,20:00,Lucas Bernard,MACH-03,1,OP1002,bruit mécanique anormal,apres-midi,0,0,0,1,0,0,0,0,0
INC-000592,2026-02-06,22:00,Enzo Durand,MACH-08,2,OP1008,surconsommation électrique,nuit,0,0,0,0,1,0,0,0,0
INC-000593,2026-02-07,11:00,Jules Moreau,MACH-08,1,OP1010,bruit mécanique anormal,matin,0,0,0,1,0,0,0,0,0
INC-000594,2026-02-08,09:00,Sarah Leroy,MACH-14,1,OP1009,surconsommation électrique,matin,0,0,0,0,1,0,0,0,0
INC-000595,2026-02-09,09:00,Enzo Durand,MACH-07,2,OP1008,défaut qualité pièces,matin,0,0,0,0,0,0,0,0,1
INC-000596,2026-02-09,13:00,Sarah Leroy,MACH-04,2,OP1009,bruit mécanique anormal,matin,0,0,0,1,0,0,0,0,0
INC-000597,2026-02-10,15:00,Sarah Leroy,MACH-10,2,OP1009,bruit mécanique anormal,apres-midi,0,0,0,1,0,0,0,0,0
INC-000598,2026-02-11,09:00,Sarah Leroy,MACH-09,1,OP1009,bruit mécanique anormal,matin,0,0,0,1,0,0,0,0,0
INC-000599,2026-02-11,11:00,Hugo Thomas,MACH-03,3,OP1004,alarme capteur,matin,0,0,0,0,0,0,1,0,0
INC-000600,2026-02-12,15:00,Jules Moreau,MACH-03,1,OP1010,bruit mécanique anormal,apres-midi,0,0,0,1,0,0,0,0,0
INC-000601,2026-02-12,22:00,Lucas Bernard,MACH-03,1,OP1002,vibration excessive,nuit,0,0,1,0,0,0,0,0,0
INC-000602,2026-02-12,23:00,Lina Petit,MACH-06,1,OP1007,alarme capteur,nuit,0,0,0,0,0,0,1,0,0
INC-000603,2026-02-13,07:00,Enzo Durand,MACH-01,2,OP1008,vibration excessive,matin,0,0,1,0,0,0,0,0,0
INC-000604,2026-02-13,08:00,Enzo Durand,MACH-04,2,OP1008,chauffe anormale,matin,1,0,0,0,0,0,0,0,0
INC-000605,2026-02-13,15:00,Lina Petit,MACH-09,2,OP1007,chauffe anormale,apres-midi,1,0,0,0,0,0,0,0,0
INC-000606,2026-02-13,17:00,Camille Martin,MACH-13,1,OP1001,bruit mécanique anormal,apres-midi,0,0,0,1,0,0,0,0,0
INC-000607,2026-02-13,20:00,Hugo Thomas,MACH-05,1,OP1004,surconsommation électrique,apres-midi,0,0,0,0,1,0,0,0,0
INC-000608,2026-02-14,04:00,Camille Martin,MACH-01,2,OP1001,défaut qualité pièces,nuit,0,0,0,0,0,0,0,0,1
INC-000609,2026-02-14,04:00,Chloé Robert,MACH-03,2,OP1005,surconsommation électrique,nuit,0,0,0,0,1,0,0,0,0
INC-000610,2026-02-14,04:00,Chloé Robert,MACH-12,1,OP1005,surconsommation électrique,nuit,0,0,0,0,1,0,0,0,0
INC-000611,2026-02-14,11:00,Chloé Robert,MACH-06,2,OP1005,alarme capteur,matin,0,0,0,0,0,0,1,0,0
INC-000612,2026-02-14,11:00,Nathan Richard,MACH-13,3,OP1006,surconsommation électrique,matin,0,0,0,0,1,0,0,0,0
INC-000613,2026-02-14,16:00,Lina Petit,MACH-10,1,OP1007,bruit mécanique anormal,apres-midi,0,0,0,1,0,0,0,0,0
INC-000614,2026-02-15,09:00,Camille Martin,MACH-13,1,OP1001,,matin,0,0,0,1,0,0,0,0,0
INC-000615,2026-02-15,11:00,Hugo Thomas,MACH-08,1,OP1004,micro-fuite / baisse pression,matin,0,1,0,0,0,0,0,0,0
INC-000616,2026-02-16,11:00,Lina Petit,MACH-08,1,OP1007,alarme capteur,matin,0,0,0,0,0,0,1,0,0
INC-000617,2026-02-16,16:00,Enzo Durand,MACH-09,1,OP1008,défaut qualité pièces,apres-midi,0,0,0,0,0,0,0,0,1
INC-000618,2026-02-17,06:00,Lucas Bernard,MACH-11,2,OP1002,défaut qualité pièces,matin,0,0,0,0,0,0,0,0,1
INC-000619,2026-02-17,16:00,Sarah Leroy,MACH-07,1,OP1009,surconsommation électrique,apres-midi,0,0,0,0,1,0,0,0,0
INC-000620,2026-02-18,02:00,Lina Petit,MACH-08,1,OP1007,micro-fuite / baisse pression,nuit,0,1,0,0,0,0,0,0,0
INC-000621,2026-02-18,02:00,Lina Petit,MACH-10,1,OP1007,bruit mécanique anormal,nuit,0,0,0,1,0,0,0,0,0
INC-000622,2026-02-18,14:00,Emma Dubois,MACH-04,1,OP1003,alarme capteur,apres-midi,0,0,0,0,0,0,1,0,0
INC-000623,2026-02-19,12:00,Hugo Thomas,MACH-09,1,OP1004,,matin,0,0,1,0,0,0,0,0,0
INC-000624,2026-02-19,15:00,Emma Dubois,MACH-01,3,OP1003,vibration excessive,apres-midi,0,0,1,0,0,0,0,0,0
INC-000625,2026-02-20,09:00,Nathan Richard,MACH-15,2,OP1006,micro-fuite / baisse pression,matin,0,1,0,0,0,0,0,0,0
INC-000626,2026-02-22,06:00,Chloé Robert,MACH-12,2,OP1005,alarme capteur,matin,0,0,0,0,0,0,1,0,0
INC-000627,2026-02-23,12:00,Lina Petit,MACH-06,1,OP1007,alarme capteur,matin,0,0,0,0,0,0,1,0,0
INC-000628,2026-02-23,15:00,Hugo Thomas,MACH-03,1,OP1004,alarme capteur,apres-midi,0,0,0,0,0,0,1,0,0
INC-000629,2026-02-23,17:00,Chloé Robert,MACH-04,3,OP1005,alarme capteur,apres-midi,0,0,0,0,0,0,1,0,0
INC-000630,2026-02-24,13:00,Lina Petit,MACH-06,2,OP1007,chauffe anormale,matin,1,0,0,0,0,0,0,0,0
INC-000631,2026-02-24,23:00,Lucas Bernard,MACH-14,3,OP1002,chauffe anormale,nuit,1,0,0,0,0,0,0,0,0
INC-000632,2026-02-25,06:00,Camille Martin,MACH-14,1,OP1001,chauffe anormale,matin,1,0,0,0,0,0,0,0,0
INC-000633,2026-02-26,02:00,Lina Petit,MACH-13,1,OP1007,surconsommation électrique,nuit,0,0,0,0,1,0,0,0,0
INC-000634,2026-02-27,05:00,Enzo Durand,MACH-10,1,OP1008,,nuit,0,0,0,0,0,0,0,0,1
INC-000635,2026-02-27,09:00,Sarah Leroy,MACH-10,1,OP1009,défaut qualité pièces,matin,0,0,0,0,0,0,0,0,1
INC-000636,2026-02-27,22:00,Lucas Bernard,MACH-02,1,OP1002,vibration excessive,nuit,0,0,1,0,0,0,0,0,0
INC-000637,2026-02-28,01:00,Enzo Durand,MACH-05,2,OP1008,bruit mécanique anormal,nuit,0,0,0,1,0,0,0,0,0
INC-000638,2026-03-01,04:00,Emma Dubois,MACH-08,2,OP1003,micro-fuite / baisse pression,nuit,0,1,0,0,0,0,0,0,0
INC-000639,2026-03-01,18:00,Lucas Bernard,MACH-13,1,OP1002,vibration excessive,apres-midi,0,0,1,0,0,0,0,0,0
INC-000640,2026-03-02,03:00,Emma Dubois,MACH-01,2,OP1003,micro-fuite / baisse pression,nuit,0,1,0,0,0,0,0,0,0
INC-000641,2026-03-02,06:00,Hugo Thomas,MACH-11,1,OP1004,,matin,0,0,0,0,0,0,1,0,0
INC-000642,2026-03-02,16:00,Camille Martin,MACH-12,1,OP1001,bruit mécanique anormal,apres-midi,0,0,0,1,0,0,0,0,0
INC-000643,2026-03-03,11:00,Emma Dubois,MACH-08,2,OP1003,vibration excessive,matin,0,0,1,0,0,0,0,0,0
INC-000644,2026-03-03,12:00,Camille Martin,MACH-12,3,OP1001,vibration excessive,matin,0,0,1,0,0,0,0,0,0
INC-000645,2026-03-04,15:00,Sarah Leroy,MACH-11,1,OP1009,vibration excessive,apres-midi,0,0,1,0,0,0,0,0,0
INC-000646,2026-03-04,23:00,Chloé Robert,MACH-06,2,OP1005,alarme capteur,nuit,0,0,0,0,0,0,1,0,0
INC-000647,2026-03-05,09:00,Emma Dubois,MACH-04,1,OP1003,micro-fuite / baisse pression,matin,0,1,0,0,0,0,0,0,0
INC-000648,2026-03-05,14:00,Lucas Bernard,MACH-02,1,OP1002,vibration excessive,apres-midi,0,0,1,0,0,0,0,0,0
INC-000649,2026-03-05,16:00,Chloé Robert,MACH-13,1,OP1005,vibration excessive,apres-midi,0,0,1,0,0,0,0,0,0
INC-000650,2026-03-06,00:00,Enzo Durand,MACH-12,2,OP1008,alarme capteur,nuit,0,0,0,0,0,0,1,0,0
INC-000651,2026-03-06,01:00,Chloé Robert,MACH-01,3,OP1005,vibration excessive,nuit,0,0,1,0,0,0,0,0,0
INC-000652,2026-03-06,13:00,Chloé Robert,MACH-07,1,OP1005,bruit mécanique anormal,matin,0,0,0,1,0,0,0,0,0
INC-000653,2026-03-06,13:00,Sarah Leroy,MACH-15,1,OP1009,surconsommation électrique,matin,0,0,0,0,1,0,0,0,0
INC-000654,2026-03-06,16:00,Nathan Richard,MACH-08,2,OP1006,chauffe anormale,apres-midi,1,0,0,0,0,0,0,0,0
INC-000655,2026-03-06,23:00,Jules Moreau,MACH-07,1,OP1010,micro-fuite / baisse pression,nuit,0,1,0,0,0,0,0,0,0
INC-000656,2026-03-07,12:00,Lucas Bernard,MACH-09,1,OP1002,bruit mécanique anormal,matin,0,0,0,1,0,0,0,0,0
INC-000657,2026-03-07,12:00,Sarah Leroy,MACH-13,2,OP1009,micro-fuite / baisse pression,matin,0,1,0,0,0,0,0,0,0
INC-000658,2026-03-07,15:00,Hugo Thomas,MACH-11,1,OP1004,vibration excessive,apres-midi,0,0,1,0,0,0,0,0,0
INC-000659,2026-03-08,01:00,Jules Moreau,MACH-14,2,OP1010,alarme capteur,nuit,0,0,0,0,0,0,1,0,0
INC-000660,2026-03-08,12:00,Jules Moreau,MACH-03,3,OP1010,vibration excessive,matin,0,0,1,0,0,0,0,0,0
INC-000661,2026-03-09,10:00,Jules Moreau,MACH-04,1,OP1010,chauffe anormale,matin,1,0,0,0,0,0,0,0,0
INC-000662,2026-03-09,14:00,Sarah Leroy,MACH-03,1,OP1009,micro-fuite / baisse pression,apres-midi,0,1,0,0,0,0,0,0,0
INC-000663,2026-03-09,19:00,Emma Dubois,MACH-15,1,OP1003,alarme capteur,apres-midi,0,0,0,0,0,0,1,0,0
INC-000664,2026-03-09,21:00,Lucas Bernard,MACH-03,3,OP1002,alarme capteur,apres-midi,0,0,0,0,0,0,1,0,0
INC-000665,2026-03-10,01:00,Lina Petit,MACH-04,3,OP1007,vibration excessive,nuit,0,0,1,0,0,0,0,0,0
INC-000666,2026-03-11,00:00,Lucas Bernard,MACH-15,1,OP1002,vibration excessive,nuit,0,0,1,0,0,0,0,0,0
INC-000667,2026-03-11,01:00,Lina Petit,MACH-02,1,OP1007,surconsommation électrique,nuit,0,0,0,0,1,0,0,0,0
INC-000668,2026-03-11,07:00,Lucas Bernard,MACH-13,1,OP1002,vibration excessive,matin,0,0,1,0,0,0,0,0,0
INC-000669,2026-03-11,07:00,Nathan Richard,MACH-14,1,OP1006,bruit mécanique anormal,matin,0,0,0,1,0,0,0,0,0
INC-000670,2026-03-11,09:00,Hugo Thomas,MACH-01,1,OP1004,vibration excessive,matin,0,0,1,0,0,0,0,0,0
INC-000671,2026-03-11,12:00,Nathan Richard,MACH-14,2,OP1006,chauffe anormale,matin,1,0,0,0,0,0,0,0,0
INC-000672,2026-03-11,15:00,Jules Moreau,MACH-15,2,OP1010,micro-fuite / baisse pression,apres-midi,0,1,0,0,0,0,0,0,0
INC-000673,2026-03-12,01:00,Nathan Richard,MACH-03,1,OP1006,micro-fuite / baisse pression,nuit,0,1,0,0,0,0,0,0,0
INC-000674,2026-03-12,07:00,Lina Petit,MACH-03,3,OP1007,pièce bloquée convoyeur,matin,0,0,0,0,0,1,0,0,0
INC-000675,2026-03-12,17:00,Chloé Robert,MACH-10,2,OP1005,surconsommation électrique,apres-midi,0,0,0,0,1,0,0,0,0
INC-000676,2026-03-13,02:00,Nathan Richard,MACH-02,3,OP1006,surconsommation électrique,nuit,0,0,0,0,1,0,0,0,0
INC-000677,2026-03-13,20:00,Chloé Robert,MACH-10,3,OP1005,chauffe anormale,apres-midi,1,0,0,0,0,0,0,0,0
INC-000678,2026-03-14,11:00,Sarah Leroy,MACH-11,1,OP1009,alarme capteur,matin,0,0,0,0,0,0,1,0,0
INC-000679,2026-03-14,14:00,Sarah Leroy,MACH-10,3,OP1009,bruit mécanique anormal,apres-midi,0,0,0,1,0,0,0,0,0
INC-000680,2026-03-14,18:00,Hugo Thomas,MACH-04,1,OP1004,bruit mécanique anormal,apres-midi,0,0,0,1,0,0,0,0,0
INC-000681,2026-03-14,21:00,Sarah Leroy,MACH-01,2,OP1009,chauffe anormale,apres-midi,1,0,0,0,0,0,0,0,0
INC-000682,2026-03-15,14:00,Enzo Durand,MACH-08,2,OP1008,alarme capteur,apres-midi,0,0,0,0,0,0,1,0,0
INC-000683,2026-03-16,11:00,Lucas Bernard,MACH-02,1,OP1002,vibration excessive,matin,0,0,1,0,0,0,0,0,0
INC-000684,2026-03-16,20:00,Jules Moreau,MACH-09,2,OP1010,surconsommation électrique,apres-midi,0,0,0,0,1,0,0,0,0
INC-000685,2026-03-17,10:00,Enzo Durand,MACH-01,2,OP1008,alarme capteur,matin,0,0,0,0,0,0,1,0,0
INC-000686,2026-03-18,05:00,Hugo Thomas,MACH-05,1,OP1004,chauffe anormale,nuit,1,0,0,0,0,0,0,0,0
INC-000687,2026-03-18,05:00,Sarah Leroy,MACH-10,3,OP1009,chauffe anormale,nuit,1,0,0,0,0,0,0,0,0
INC-000688,2026-03-18,15:00,Lina Petit,MACH-11,2,OP1007,alarme capteur,apres-midi,0,0,0,0,0,0,1,0,0
INC-000689,2026-03-18,21:00,Emma Dubois,MACH-04,3,OP1003,chauffe anormale,apres-midi,1,0,0,0,0,0,0,0,0
INC-000690,2026-03-20,07:00,Nathan Richard,MACH-13,1,OP1006,vibration excessive,matin,0,0,1,0,0,0,0,0,0
INC-000691,2026-03-20,12:00,Chloé Robert,MACH-03,1,OP1005,bruit mécanique anormal,matin,0,0,0,1,0,0,0,0,0
INC-000692,2026-03-20,17:00,Lina Petit,MACH-02,2,OP1007,bruit mécanique anormal,apres-midi,0,0,0,1,0,0,0,0,0
INC-000693,2026-03-20,23:00,Emma Dubois,MACH-01,2,OP1003,vibration excessive,nuit,0,0,1,0,0,0,0,0,0
INC-000694,2026-03-21,03:00,Hugo Thomas,MACH-11,2,OP1004,vibration excessive,nuit,0,0,1,0,0,0,0,0,0
INC-000695,2026-03-21,21:00,Emma Dubois,MACH-06,2,OP1003,défaut qualité pièces,apres-midi,0,0,0,0,0,0,0,0,1
INC-000696,2026-03-22,09:00,Hugo Thomas,MACH-04,2,OP1004,alarme capteur,matin,0,0,0,0,0,0,1,0,0
INC-000697,2026-03-22,12:00,Hugo Thomas,MACH-09,1,OP1004,alarme capteur,matin,0,0,0,0,0,0,1,0,0
INC-000698,2026-03-24,08:00,Lina Petit,MACH-04,2,OP1007,bruit mécanique anormal,matin,0,0,0,1,0,0,0,0,0
INC-000699,2026-03-24,14:00,Lucas Bernard,MACH-04,1,OP1002,micro-fuite / baisse pression,apres-midi,0,1,0,0,0,0,0,0,0
INC-000700,2026-03-24,17:00,Jules Moreau,MACH-08,1,OP1010,,apres-midi,0,0,0,0,1,0,0,0,0
INC-000701,2026-03-24,18:00,Chloé Robert,MACH-02,1,OP1005,vibration excessive,apres-midi,0,0,1,0,0,0,0,0,0
INC-000702,2026-03-25,04:00,Jules Moreau,MACH-13,1,OP1010,bruit mécanique anormal,nuit,0,0,0,1,0,0,0,0,0
INC-000703,2026-03-25,19:00,Lucas Bernard,MACH-10,2,OP1002,micro-fuite / baisse pression,apres-midi,0,1,0,0,0,0,0,0,0
INC-000704,2026-03-25,21:00,Nathan Richard,MACH-10,2,OP1006,micro-fuite / baisse pression,apres-midi,0,1,0,0,0,0,0,0,0
INC-000705,2026-03-26,08:00,Nathan Richard,MACH-01,2,OP1006,alarme capteur,matin,0,0,0,0,0,0,1,0,0
INC-000706,2026-03-26,19:00,Enzo Durand,MACH-15,1,OP1008,alarme capteur,apres-midi,0,0,0,0,0,0,1,0,0
INC-000707,2026-03-27,09:00,Camille Martin,MACH-01,2,OP1001,bruit mécanique anormal,matin,0,0,0,1,0,0,0,0,0
INC-000708,2026-03-27,11:00,Chloé Robert,MACH-15,1,OP1005,défaut qualité pièces,matin,0,0,0,0,0,0,0,0,1
INC-000709,2026-03-27,15:00,Nathan Richard,MACH-13,1,OP1006,,apres-midi,0,0,0,0,0,0,0,0,1
INC-000710,2026-03-28,17:00,Lucas Bernard,MACH-04,2,OP1002,bruit mécanique anormal,apres-midi,0,0,0,1,0,0,0,0,0
INC-000711,2026-03-29,05:00,Lucas Bernard,MACH-10,1,OP1002,vibration excessive,nuit,0,0,1,0,0,0,0,0,0
INC-000712,2026-03-29,11:00,Enzo Durand,MACH-14,3,OP1008,alarme capteur,matin,0,0,0,0,0,0,1,0,0
INC-000713,2026-03-29,17:00,Camille Martin,MACH-06,2,OP1001,chauffe anormale,apres-midi,1,0,0,0,0,0,0,0,0
INC-000714,2026-03-29,19:00,Emma Dubois,MACH-13,1,OP1003,défaut qualité pièces,apres-midi,0,0,0,0,0,0,0,0,1
INC-000715,2026-03-30,05:00,Camille Martin,MACH-02,2,OP1001,pièce bloquée convoyeur,nuit,0,0,0,0,0,1,0,0,0
INC-000716,2026-04-01,00:00,Lina Petit,MACH-13,1,OP1007,vibration excessive,nuit,0,0,1,0,0,0,0,0,0
INC-000717,2026-04-01,08:00,Lina Petit,MACH-15,1,OP1007,vibration excessive,matin,0,0,1,0,0,0,0,0,0
INC-000718,2026-04-01,09:00,Lina Petit,MACH-01,1,OP1007,micro-fuite / baisse pression,matin,0,1,0,0,0,0,0,0,0
INC-000719,2026-04-01,18:00,Lina Petit,MACH-05,2,OP1007,alarme capteur,apres-midi,0,0,0,0,0,0,1,0,0
INC-000720,2026-04-01,20:00,Camille Martin,MACH-01,1,OP1001,défaut qualité pièces,apres-midi,0,0,0,0,0,0,0,0,1
INC-000721,2026-04-03,04:00,Hugo Thomas,MACH-14,1,OP1004,micro-fuite / baisse pression,nuit,0,1,0,0,0,0,0,0,0
INC-000722,2026-04-03,06:00,Camille Martin,MACH-02,2,OP1001,alarme capteur,matin,0,0,0,0,0,0,1,0,0
INC-000723,2026-04-03,09:00,Lucas Bernard,MACH-08,1,OP1002,bruit mécanique anormal,matin,0,0,0,1,0,0,0,0,0
INC-000724,2026-04-03,09:00,Sarah Leroy,MACH-09,1,OP1009,bruit mécanique anormal,matin,0,0,0,1,0,0,0,0,0
INC-000725,2026-04-03,13:00,Hugo Thomas,MACH-05,1,OP1004,vibration excessive,matin,0,0,1,0,0,0,0,0,0
INC-000726,2026-04-03,17:00,Jules Moreau,MACH-03,2,OP1010,bruit mécanique anormal,apres-midi,0,0,0,1,0,0,0,0,0
INC-000727,2026-04-04,04:00,Emma Dubois,MACH-15,1,OP1003,micro-fuite / baisse pression,nuit,0,1,0,0,0,0,0,0,0
INC-000728,2026-04-04,05:00,Nathan Richard,MACH-06,1,OP1006,défaut qualité pièces,nuit,0,0,0,0,0,0,0,0,1
INC-000729,2026-04-04,22:00,Sarah Leroy,MACH-05,2,OP1009,chauffe anormale,nuit,1,0,0,0,0,0,0,0,0
INC-000730,2026-04-05,01:00,Jules Moreau,MACH-13,1,OP1010,défaut qualité pièces,nuit,0,0,0,0,0,0,0,0,1
INC-000731,2026-04-05,03:00,Emma Dubois,MACH-13,2,OP1003,bruit mécanique anormal,nuit,0,0,0,1,0,0,0,0,0
INC-000732,2026-04-05,05:00,Chloé Robert,MACH-02,1,OP1005,bruit mécanique anormal,nuit,0,0,0,1,0,0,0,0,0
INC-000733,2026-04-06,07:00,Hugo Thomas,MACH-09,2,OP1004,défaut qualité pièces,matin,0,0,0,0,0,0,0,0,1
INC-000734,2026-04-06,15:00,Enzo Durand,MACH-14,1,OP1008,vibration excessive,apres-midi,0,0,1,0,0,0,0,0,0
INC-000735,2026-04-06,19:00,Chloé Robert,MACH-04,1,OP1005,bruit mécanique anormal,apres-midi,0,0,0,1,0,0,0,0,0
INC-000736,2026-04-08,06:00,Lina Petit,MACH-03,2,OP1007,surconsommation électrique,matin,0,0,0,0,1,0,0,0,0
INC-000737,2026-04-08,06:00,Hugo Thomas,MACH-14,3,OP1004,bruit mécanique anormal,matin,0,0,0,1,0,0,0,0,0
INC-000738,2026-04-08,08:00,Emma Dubois,MACH-02,3,OP1003,surconsommation électrique,matin,0,0,0,0,1,0,0,0,0
INC-000739,2026-04-08,11:00,Lina Petit,MACH-15,2,OP1007,surconsommation électrique,matin,0,0,0,0,1,0,0,0,0
INC-000740,2026-04-08,15:00,Lucas Bernard,MACH-03,1,OP1002,,apres-midi,0,0,0,0,0,0,0,0,1
INC-000741,2026-04-08,18:00,Nathan Richard,MACH-04,1,OP1006,alarme capteur,apres-midi,0,0,0,0,0,0,1,0,0
INC-000742,2026-04-09,07:00,Camille Martin,MACH-10,2,OP1001,micro-fuite / baisse pression,matin,0,1,0,0,0,0,0,0,0
INC-000743,2026-04-09,13:00,Jules Moreau,MACH-11,2,OP1010,défaut qualité pièces,matin,0,0,0,0,0,0,0,0,1
INC-000744,2026-04-10,04:00,Lucas Bernard,MACH-11,1,OP1002,micro-fuite / baisse pression,nuit,0,1,0,0,0,0,0,0,0
INC-000745,2026-04-10,11:00,Nathan Richard,MACH-08,3,OP1006,surconsommation électrique,matin,0,0,0,0,1,0,0,0,0
INC-000746,2026-04-10,22:00,Chloé Robert,MACH-05,1,OP1005,vibration excessive,nuit,0,0,1,0,0,0,0,0,0
INC-000747,2026-04-11,23:00,Enzo Durand,MACH-04,5,OP1008,chauffe anormale + arrêt ligne,nuit,1,0,0,0,0,0,0,1,0
INC-000748,2026-04-12,03:00,Emma Dubois,MACH-02,1,OP1003,vibration excessive,nuit,0,0,1,0,0,0,0,0,0
INC-000749,2026-04-12,23:00,Lina Petit,MACH-05,4,OP1007,défaut qualité pièces + arrêt ligne,nuit,0,0,0,0,0,0,0,1,1
INC-000750,2026-04-13,00:00,Chloé Robert,MACH-11,1,OP1005,bruit mécanique anormal,nuit,0,0,0,1,0,0,0,0,0
INC-000751,2026-04-13,00:00,Enzo Durand,MACH-11,2,OP1008,surconsommation électrique,nuit,0,0,0,0,1,0,0,0,0
INC-000752,2026-04-13,06:00,Nathan Richard,MACH-04,1,OP1006,bruit mécanique anormal,matin,0,0,0,1,0,0,0,0,0
INC-000753,2026-04-13,06:00,Hugo Thomas,MACH-12,1,OP1004,surconsommation électrique,matin,0,0,0,0,1,0,0,0,0
INC-000754,2026-04-13,10:00,Enzo Durand,MACH-07,1,OP1008,vibration excessive,matin,0,0,1,0,0,0,0,0,0
INC-000755,2026-04-13,15:00,Camille Martin,MACH-07,1,OP1001,surconsommation électrique,apres-midi,0,0,0,0,1,0,0,0,0
INC-000756,2026-04-13,22:00,Emma Dubois,MACH-06,1,OP1003,alarme capteur,nuit,0,0,0,0,0,0,1,0,0
INC-000757,2026-04-13,22:00,Chloé Robert,MACH-11,1,OP1005,défaut qualité pièces,nuit,0,0,0,0,0,0,0,0,1
INC-000758,2026-04-14,11:00,Chloé Robert,MACH-03,3,OP1005,alarme capteur,matin,0,0,0,0,0,0,1,0,0
INC-000759,2026-04-14,18:00,Enzo Durand,MACH-05,2,OP1008,bruit mécanique anormal,apres-midi,0,0,0,1,0,0,0,0,0
INC-000760,2026-04-15,09:00,Camille Martin,MACH-01,2,OP1001,micro-fuite / baisse pression,matin,0,1,0,0,0,0,0,0,0
INC-000761,2026-04-15,19:00,Nathan Richard,MACH-04,1,OP1006,bruit mécanique anormal,apres-midi,0,0,0,1,0,0,0,0,0
INC-000762,2026-04-15,22:00,Lina Petit,MACH-14,2,OP1007,vibration excessive,nuit,0,0,1,0,0,0,0,0,0
INC-000763,2026-04-16,03:00,Lina Petit,MACH-12,3,OP1007,vibration excessive,nuit,0,0,1,0,0,0,0,0,0
INC-000764,2026-04-17,04:00,Emma Dubois,MACH-11,1,OP1003,micro-fuite / baisse pression,nuit,0,1,0,0,0,0,0,0,0
INC-000765,2026-04-17,13:00,Chloé Robert,MACH-06,1,OP1005,alarme capteur,matin,0,0,0,0,0,0,1,0,0
INC-000766,2026-04-17,18:00,Emma Dubois,MACH-09,1,OP1003,surconsommation électrique,apres-midi,0,0,0,0,1,0,0,0,0
INC-000767,2026-04-18,05:00,Enzo Durand,MACH-06,1,OP1008,alarme capteur,nuit,0,0,0,0,0,0,1,0,0
INC-000768,2026-04-18,05:00,Jules Moreau,MACH-06,1,OP1010,alarme capteur,nuit,0,0,0,0,0,0,1,0,0
INC-000769,2026-04-18,16:00,Jules Moreau,MACH-14,1,OP1010,bruit mécanique anormal,apres-midi,0,0,0,1,0,0,0,0,0
INC-000770,2026-04-18,18:00,Enzo Durand,MACH-07,2,OP1008,alarme capteur,apres-midi,0,0,0,0,0,0,1,0,0
INC-000771,2026-04-18,23:00,Lucas Bernard,MACH-05,1,OP1002,alarme capteur,nuit,0,0,0,0,0,0,1,0,0
INC-000772,2026-04-19,06:00,Camille Martin,MACH-09,1,OP1001,défaut qualité pièces,matin,0,0,0,0,0,0,0,0,1
INC-000773,2026-04-21,04:00,Hugo Thomas,MACH-08,1,OP1004,chauffe anormale,nuit,1,0,0,0,0,0,0,0,0
INC-000774,2026-04-21,11:00,Lucas Bernard,MACH-06,2,OP1002,bruit mécanique anormal,matin,0,0,0,1,0,0,0,0,0
INC-000775,2026-04-22,08:00,Camille Martin,MACH-14,1,OP1001,surconsommation électrique,matin,0,0,0,0,1,0,0,0,0
INC-000776,2026-04-22,14:00,Lina Petit,MACH-08,1,OP1007,chauffe anormale,apres-midi,1,0,0,0,0,0,0,0,0
INC-000777,2026-04-22,18:00,Hugo Thomas,MACH-08,2,OP1004,surconsommation électrique,apres-midi,0,0,0,0,1,0,0,0,0
INC-000778,2026-04-23,05:00,Lucas Bernard,MACH-05,2,OP1002,surconsommation électrique,nuit,0,0,0,0,1,0,0,0,0
INC-000779,2026-04-24,08:00,Lucas Bernard,MACH-09,4,OP1002,micro-fuite / baisse pression,matin,0,1,0,0,0,0,0,0,0
INC-000780,2026-04-24,13:00,Camille Martin,MACH-03,1,OP1001,défaut qualité pièces,matin,0,0,0,0,0,0,0,0,1
INC-000781,2026-04-24,13:00,Jules Moreau,MACH-10,2,OP1010,vibration excessive,matin,0,0,1,0,0,0,0,0,0
INC-000782,2026-04-24,15:00,Chloé Robert,MACH-10,1,OP1005,,apres-midi,0,0,0,0,1,0,0,0,0
INC-000783,2026-04-25,01:00,Jules Moreau,MACH-03,2,OP1010,micro-fuite / baisse pression,nuit,0,1,0,0,0,0,0,0,0
INC-000784,2026-04-25,01:00,Nathan Richard,MACH-10,1,OP1006,alarme capteur,nuit,0,0,0,0,0,0,1,0,0
INC-000785,2026-04-25,02:00,Hugo Thomas,MACH-12,2,OP1004,surconsommation électrique,nuit,0,0,0,0,1,0,0,0,0
INC-000786,2026-04-25,03:00,Camille Martin,MACH-04,2,OP1001,bruit mécanique anormal,nuit,0,0,0,1,0,0,0,0,0
INC-000787,2026-04-25,10:00,Emma Dubois,MACH-09,1,OP1003,alarme capteur,matin,0,0,0,0,0,0,1,0,0
INC-000788,2026-04-25,12:00,Jules Moreau,MACH-08,1,OP1010,micro-fuite / baisse pression,matin,0,1,0,0,0,0,0,0,0
INC-000789,2026-04-25,18:00,Lina Petit,MACH-07,1,OP1007,,apres-midi,0,0,0,0,0,0,1,0,0
INC-000790,2026-04-26,12:00,Lucas Bernard,MACH-14,3,OP1002,alarme capteur,matin,0,0,0,0,0,0,1,0,0
INC-000791,2026-04-27,01:00,Camille Martin,MACH-03,1,OP1001,micro-fuite / baisse pression,nuit,0,1,0,0,0,0,0,0,0
INC-000792,2026-04-27,05:00,Enzo Durand,MACH-12,2,OP1008,chauffe anormale,nuit,1,0,0,0,0,0,0,0,0
INC-000793,2026-04-27,06:00,Lucas Bernard,MACH-06,2,OP1002,alarme capteur,matin,0,0,0,0,0,0,1,0,0
INC-000794,2026-04-27,07:00,Enzo Durand,MACH-05,1,OP1008,vibration excessive,matin,0,0,1,0,0,0,0,0,0
INC-000795,2026-04-27,17:00,Lucas Bernard,MACH-10,1,OP1002,alarme capteur,apres-midi,0,0,0,0,0,0,1,0,0
INC-000796,2026-04-27,21:00,Emma Dubois,MACH-06,1,OP1003,micro-fuite / baisse pression,apres-midi,0,1,0,0,0,0,0,0,0
INC-000797,2026-04-28,06:00,Jules Moreau,MACH-10,1,OP1010,bruit mécanique anormal,matin,0,0,0,1,0,0,0,0,0
INC-000798,2026-04-29,10:00,Lina Petit,MACH-12,1,OP1007,micro-fuite / baisse pression,matin,0,1,0,0,0,0,0,0,0
INC-000799,2026-04-29,18:00,Enzo Durand,MACH-06,3,OP1008,alarme capteur,apres-midi,0,0,0,0,0,0,1,0,0
INC-000800,2026-04-30,01:00,Nathan Richard,MACH-06,1,OP1006,vibration excessive,nuit,0,0,1,0,0,0,0,0,0
INC-000801,2026-04-30,06:00,Hugo Thomas,MACH-09,1,OP1004,surconsommation électrique,matin,0,0,0,0,1,0,0,0,0
INC-000802,2026-05-01,05:00,Nathan Richard,MACH-01,1,OP1006,surconsommation électrique,nuit,0,0,0,0,1,0,0,0,0
INC-000803,2026-05-01,05:00,Chloé Robert,MACH-15,2,OP1005,surconsommation électrique,nuit,0,0,0,0,1,0,0,0,0
INC-000804,2026-05-01,09:00,Enzo Durand,MACH-10,1,OP1008,alarme capteur,matin,0,0,0,0,0,0,1,0,0
INC-000805,2026-05-02,09:00,Lina Petit,MACH-08,2,OP1007,alarme capteur,matin,0,0,0,0,0,0,1,0,0
INC-000806,2026-05-03,00:00,Chloé Robert,MACH-13,2,OP1005,vibration excessive,nuit,0,0,1,0,0,0,0,0,0
INC-000807,2026-05-03,20:00,Jules Moreau,MACH-15,1,OP1010,micro-fuite / baisse pression,apres-midi,0,1,0,0,0,0,0,0,0
INC-000808,2026-05-04,02:00,Enzo Durand,MACH-15,1,OP1008,vibration excessive,nuit,0,0,1,0,0,0,0,0,0
INC-000809,2026-05-05,20:00,Chloé Robert,MACH-12,1,OP1005,vibration excessive,apres-midi,0,0,1,0,0,0,0,0,0
INC-000810,2026-05-06,15:00,Hugo Thomas,MACH-12,1,OP1004,vibration excessive,apres-midi,0,0,1,0,0,0,0,0,0
INC-000811,2026-05-07,15:00,Jules Moreau,MACH-07,1,OP1010,vibration excessive,apres-midi,0,0,1,0,0,0,0,0,0
INC-000812,2026-05-08,10:00,Lucas Bernard,MACH-09,2,OP1002,surconsommation électrique,matin,0,0,0,0,1,0,0,0,0
INC-000813,2026-05-08,14:00,Chloé Robert,MACH-08,2,OP1005,défaut qualité pièces,apres-midi,0,0,0,0,0,0,0,0,1
INC-000814,2026-05-08,21:00,Sarah Leroy,MACH-06,2,OP1009,chauffe anormale,apres-midi,1,0,0,0,0,0,0,0,0
INC-000815,2026-05-09,03:00,Jules Moreau,MACH-01,2,OP1010,bruit mécanique anormal,nuit,0,0,0,1,0,0,0,0,0
INC-000816,2026-05-09,07:00,Lina Petit,MACH-08,1,OP1007,alarme capteur,matin,0,0,0,0,0,0,1,0,0
INC-000817,2026-05-09,07:00,Hugo Thomas,MACH-14,1,OP1004,défaut qualité pièces,matin,0,0,0,0,0,0,0,0,1
INC-000818,2026-05-09,19:00,Sarah Leroy,MACH-06,3,OP1009,vibration excessive,apres-midi,0,0,1,0,0,0,0,0,0
INC-000819,2026-05-09,20:00,Emma Dubois,MACH-06,1,OP1003,défaut qualité pièces,apres-midi,0,0,0,0,0,0,0,0,1
INC-000820,2026-05-09,22:00,Jules Moreau,MACH-07,1,OP1010,défaut qualité pièces,nuit,0,0,0,0,0,0,0,0,1
INC-000821,2026-05-10,04:00,Enzo Durand,MACH-03,2,OP1008,défaut qualité pièces,nuit,0,0,0,0,0,0,0,0,1
INC-000822,2026-05-10,12:00,Nathan Richard,MACH-08,3,OP1006,vibration excessive,matin,0,0,1,0,0,0,0,0,0
INC-000823,2026-05-10,18:00,Lina Petit,MACH-01,1,OP1007,vibration excessive,apres-midi,0,0,1,0,0,0,0,0,0
INC-000824,2026-05-11,04:00,Nathan Richard,MACH-10,2,OP1006,alarme capteur,nuit,0,0,0,0,0,0,1,0,0
INC-000825,2026-05-11,09:00,Chloé Robert,MACH-05,2,OP1005,défaut qualité pièces,matin,0,0,0,0,0,0,0,0,1
INC-000826,2026-05-11,13:00,Chloé Robert,MACH-09,2,OP1005,surconsommation électrique,matin,0,0,0,0,1,0,0,0,0
INC-000827,2026-05-11,16:00,Camille Martin,MACH-03,3,OP1001,chauffe anormale,apres-midi,1,0,0,0,0,0,0,0,0
INC-000828,2026-05-12,11:00,Lucas Bernard,MACH-09,1,OP1002,,matin,0,0,0,0,0,0,1,0,0
INC-000829,2026-05-12,15:00,Emma Dubois,MACH-12,3,OP1003,alarme capteur,apres-midi,0,0,0,0,0,0,1,0,0
INC-000830,2026-05-12,16:00,Lucas Bernard,MACH-09,1,OP1002,bruit mécanique anormal,apres-midi,0,0,0,1,0,0,0,0,0
INC-000831,2026-05-12,18:00,Emma Dubois,MACH-05,1,OP1003,alarme capteur,apres-midi,0,0,0,0,0,0,1,0,0
INC-000832,2026-05-14,08:00,Lina Petit,MACH-08,1,OP1007,bruit mécanique anormal,matin,0,0,0,1,0,0,0,0,0
INC-000833,2026-05-14,13:00,Chloé Robert,MACH-09,1,OP1005,alarme capteur,matin,0,0,0,0,0,0,1,0,0
INC-000834,2026-05-14,16:00,Lina Petit,MACH-10,1,OP1007,défaut qualité pièces,apres-midi,0,0,0,0,0,0,0,0,1
INC-000835,2026-05-15,00:00,Enzo Durand,MACH-03,1,OP1008,micro-fuite / baisse pression,nuit,0,1,0,0,0,0,0,0,0
INC-000836,2026-05-15,07:00,Nathan Richard,MACH-14,2,OP1006,,matin,1,0,0,0,0,0,0,0,0
INC-000837,2026-05-16,00:00,Lina Petit,MACH-09,1,OP1007,surconsommation électrique,nuit,0,0,0,0,1,0,0,0,0
INC-000838,2026-05-16,02:00,Lina Petit,MACH-11,2,OP1007,alarme capteur,nuit,0,0,0,0,0,0,1,0,0
INC-000839,2026-05-16,06:00,Chloé Robert,MACH-02,3,OP1005,alarme capteur,matin,0,0,0,0,0,0,1,0,0
INC-000840,2026-05-16,19:00,Emma Dubois,MACH-12,2,OP1003,chauffe anormale,apres-midi,1,0,0,0,0,0,0,0,0
INC-000841,2026-05-16,23:00,Emma Dubois,MACH-12,2,OP1003,,nuit,0,0,0,0,1,0,0,0,0
INC-000842,2026-05-17,08:00,Camille Martin,MACH-06,1,OP1001,,matin,0,0,0,1,0,0,0,0,0
INC-000843,2026-05-17,16:00,Nathan Richard,MACH-11,2,OP1006,,apres-midi,0,0,0,0,0,0,1,0,0
INC-000844,2026-05-17,18:00,Camille Martin,MACH-02,2,OP1001,surconsommation électrique,apres-midi,0,0,0,0,1,0,0,0,0
INC-000845,2026-05-17,22:00,Emma Dubois,MACH-06,1,OP1003,bruit mécanique anormal,nuit,0,0,0,1,0,0,0,0,0
INC-000846,2026-05-19,08:00,Jules Moreau,MACH-10,2,OP1010,micro-fuite / baisse pression,matin,0,1,0,0,0,0,0,0,0
INC-000847,2026-05-20,11:00,Lucas Bernard,MACH-14,2,OP1002,bruit mécanique anormal,matin,0,0,0,1,0,0,0,0,0
INC-000848,2026-05-20,15:00,Jules Moreau,MACH-15,2,OP1010,alarme capteur,apres-midi,0,0,0,0,0,0,1,0,0
INC-000849,2026-05-20,18:00,Emma Dubois,MACH-08,3,OP1003,chauffe anormale,apres-midi,1,0,0,0,0,0,0,0,0
INC-000850,2026-05-21,23:00,Nathan Richard,MACH-10,3,OP1006,,nuit,0,0,0,0,1,0,0,0,0
INC-000851,2026-05-22,19:00,Hugo Thomas,MACH-14,3,OP1004,chauffe anormale,apres-midi,1,0,0,0,0,0,0,0,0
INC-000852,2026-05-23,08:00,Chloé Robert,MACH-06,1,OP1005,,matin,0,1,0,0,0,0,0,0,0
INC-000853,2026-05-23,08:00,Camille Martin,MACH-08,1,OP1001,alarme capteur,matin,0,0,0,0,0,0,1,0,0
INC-000854,2026-05-23,10:00,Emma Dubois,MACH-03,2,OP1003,défaut qualité pièces,matin,0,0,0,0,0,0,0,0,1
INC-000855,2026-05-23,13:00,Lina Petit,MACH-08,1,OP1007,défaut qualité pièces,matin,0,0,0,0,0,0,0,0,1
INC-000856,2026-05-23,13:00,Jules Moreau,MACH-14,3,OP1010,bruit mécanique anormal,matin,0,0,0,1,0,0,0,0,0
INC-000857,2026-05-24,00:00,Enzo Durand,MACH-13,1,OP1008,micro-fuite / baisse pression,nuit,0,1,0,0,0,0,0,0,0
INC-000858,2026-05-24,03:00,Camille Martin,MACH-03,1,OP1001,bruit mécanique anormal,nuit,0,0,0,1,0,0,0,0,0
INC-000859,2026-05-24,16:00,Sarah Leroy,MACH-13,2,OP1009,défaut qualité pièces,apres-midi,0,0,0,0,0,0,0,0,1
INC-000860,2026-05-25,06:00,Emma Dubois,MACH-08,1,OP1003,vibration excessive,matin,0,0,1,0,0,0,0,0,0
INC-000861,2026-05-25,22:00,Hugo Thomas,MACH-04,3,OP1004,défaut qualité pièces,nuit,0,0,0,0,0,0,0,0,1
INC-000862,2026-05-27,01:00,Emma Dubois,MACH-12,1,OP1003,bruit mécanique anormal,nuit,0,0,0,1,0,0,0,0,0
INC-000863,2026-05-27,04:00,Chloé Robert,MACH-13,2,OP1005,micro-fuite / baisse pression,nuit,0,1,0,0,0,0,0,0,0
INC-000864,2026-05-27,11:00,Chloé Robert,MACH-11,1,OP1005,surconsommation électrique,matin,0,0,0,0,1,0,0,0,0
INC-000865,2026-05-27,14:00,Lucas Bernard,MACH-07,4,OP1002,pièce bloquée convoyeur,apres-midi,0,0,0,0,0,1,0,0,0
INC-000866,2026-05-27,18:00,Chloé Robert,MACH-09,3,OP1005,alarme capteur,apres-midi,0,0,0,0,0,0,1,0,0
INC-000867,2026-05-28,00:00,Jules Moreau,MACH-03,3,OP1010,micro-fuite / baisse pression,nuit,0,1,0,0,0,0,0,0,0
INC-000868,2026-05-28,01:00,Emma Dubois,MACH-12,4,OP1003,micro-fuite / baisse pression + arrêt ligne,nuit,0,1,0,0,0,0,0,1,0
INC-000869,2026-05-28,08:00,Jules Moreau,MACH-14,2,OP1010,,matin,1,0,0,0,0,0,0,0,0
INC-000870,2026-05-28,20:00,Lucas Bernard,MACH-12,2,OP1002,chauffe anormale,apres-midi,1,0,0,0,0,0,0,0,0
INC-000871,2026-05-28,21:00,Lina Petit,MACH-07,2,OP1007,micro-fuite / baisse pression,apres-midi,0,1,0,0,0,0,0,0,0
INC-000872,2026-05-29,03:00,Lina Petit,MACH-07,2,OP1007,défaut qualité pièces,nuit,0,0,0,0,0,0,0,0,1
INC-000873,2026-05-29,23:00,Jules Moreau,MACH-13,2,OP1010,bruit mécanique anormal,nuit,0,0,0,1,0,0,0,0,0
INC-000874,2026-05-30,09:00,Hugo Thomas,MACH-02,1,OP1004,micro-fuite / baisse pression,matin,0,1,0,0,0,0,0,0,0
INC-000875,2026-05-30,19:00,Lina Petit,MACH-05,5,OP1007,micro-fuite / baisse pression,apres-midi,0,1,0,0,0,0,0,0,0
INC-000876,2026-05-31,09:00,Lucas Bernard,MACH-09,2,OP1002,alarme capteur,matin,0,0,0,0,0,0,1,0,0
INC-000877,2026-05-31,12:00,Camille Martin,MACH-02,2,OP1001,défaut qualité pièces,matin,0,0,0,0,0,0,0,0,1
INC-000878,2026-05-31,19:00,Chloé Robert,MACH-05,1,OP1005,chauffe anormale,apres-midi,1,0,0,0,0,0,0,0,0
INC-000879,2026-06-02,00:00,Enzo Durand,MACH-09,2,OP1008,vibration excessive,nuit,0,0,1,0,0,0,0,0,0
INC-000880,2026-06-02,04:00,Chloé Robert,MACH-07,1,OP1005,micro-fuite / baisse pression,nuit,0,1,0,0,0,0,0,0,0
INC-000881,2026-06-02,05:00,Sarah Leroy,MACH-05,3,OP1009,surconsommation électrique,nuit,0,0,0,0,1,0,0,0,0
INC-000882,2026-06-02,09:00,Lina Petit,MACH-03,1,OP1007,micro-fuite / baisse pression,matin,0,1,0,0,0,0,0,0,0
INC-000883,2026-06-02,10:00,Nathan Richard,MACH-06,2,OP1006,pièce bloquée convoyeur,matin,0,0,0,0,0,1,0,0,0
INC-000884,2026-06-02,12:00,Camille Martin,MACH-02,3,OP1001,bruit mécanique anormal,matin,0,0,0,1,0,0,0,0,0
INC-000885,2026-06-02,15:00,Nathan Richard,MACH-14,1,OP1006,défaut qualité pièces,apres-midi,0,0,0,0,0,0,0,0,1
INC-000886,2026-06-02,19:00,Hugo Thomas,MACH-04,1,OP1004,micro-fuite / baisse pression,apres-midi,0,1,0,0,0,0,0,0,0
INC-000887,2026-06-02,22:00,Emma Dubois,MACH-05,2,OP1003,alarme capteur,nuit,0,0,0,0,0,0,1,0,0
INC-000888,2026-06-03,10:00,Lina Petit,MACH-09,2,OP1007,,matin,0,0,0,0,1,0,0,0,0
INC-000889,2026-06-03,18:00,Hugo Thomas,MACH-11,1,OP1004,micro-fuite / baisse pression,apres-midi,0,1,0,0,0,0,0,0,0
INC-000890,2026-06-03,20:00,Chloé Robert,MACH-13,2,OP1005,alarme capteur,apres-midi,0,0,0,0,0,0,1,0,0
INC-000891,2026-06-04,00:00,Lina Petit,MACH-07,2,OP1007,vibration excessive,nuit,0,0,1,0,0,0,0,0,0
INC-000892,2026-06-04,06:00,Lucas Bernard,MACH-06,1,OP1002,bruit mécanique anormal,matin,0,0,0,1,0,0,0,0,0
INC-000893,2026-06-04,10:00,Enzo Durand,MACH-09,1,OP1008,surconsommation électrique,matin,0,0,0,0,1,0,0,0,0
INC-000894,2026-06-06,05:00,Nathan Richard,MACH-03,1,OP1006,défaut qualité pièces,nuit,0,0,0,0,0,0,0,0,1
INC-000895,2026-06-06,18:00,Lucas Bernard,MACH-04,2,OP1002,défaut qualité pièces,apres-midi,0,0,0,0,0,0,0,0,1
INC-000896,2026-06-07,00:00,Chloé Robert,MACH-10,1,OP1005,défaut qualité pièces,nuit,0,0,0,0,0,0,0,0,1
INC-000897,2026-06-07,02:00,Jules Moreau,MACH-12,1,OP1010,surconsommation électrique,nuit,0,0,0,0,1,0,0,0,0
INC-000898,2026-06-07,21:00,Camille Martin,MACH-10,2,OP1001,défaut qualité pièces,apres-midi,0,0,0,0,0,0,0,0,1
INC-000899,2026-06-08,00:00,Sarah Leroy,MACH-13,3,OP1009,,nuit,0,1,0,0,0,0,0,0,0
INC-000900,2026-06-08,17:00,Nathan Richard,MACH-06,2,OP1006,défaut qualité pièces,apres-midi,0,0,0,0,0,0,0,0,1
